14/03/2002,"2,37"
15/03/2002,"2,34"
18/03/2002,"2,32"
19/03/2002,"2,38"
20/03/2002,"2,43"
21/03/2002,"2,39"
22/03/2002,"2,57"
25/03/2002,"3,21"
26/03/2002,"2,99"
27/03/2002,"2,85"
02/04/2002,"2,89"
03/04/2002,"2,90"
04/04/2002,"2,80"
05/04/2002,"2,67"
08/04/2002,"2,70"
09/04/2002,"2,75"
10/04/2002,"2,77"
11/04/2002,"2,79"
12/04/2002,"2,86"
15/04/2002,"2,92"
16/04/2002,"2,85"
17/04/2002,"2,81"
18/04/2002,"2,91"
19/04/2002,"3,12"
29/04/2002,"3,02"
30/04/2002,"2,92"
02/05/2002,"3,04"
03/05/2002,"3,16"
06/05/2002,"3,16"
07/05/2002,"3,17"
08/05/2002,"3,19"
09/05/2002,"3,18"
10/05/2002,"3,18"
13/05/2002,"3,27"
14/05/2002,"3,26"
15/05/2002,"3,23"
16/05/2002,"3,22"
17/05/2002,"3,33"
20/05/2002,"3,52"
21/05/2002,"3,49"
22/05/2002,"3,42"
23/05/2002,"3,39"
24/05/2002,"3,43"
27/05/2002,"3,45"
28/05/2002,"3,45"
29/05/2002,"3,54"
30/05/2002,"3,59"
31/05/2002,"3,58"
03/06/2002,"3,59"
04/06/2002,"3,61"
05/06/2002,"3,63"
06/06/2002,"3,64"
07/06/2002,"3,63"
10/06/2002,"3,53"
11/06/2002,"3,46"
12/06/2002,"3,45"
13/06/2002,"3,47"
14/06/2002,"3,50"
18/06/2002,"3,51"
19/06/2002,"3,54"
20/06/2002,"3,58"
21/06/2002,"3,64"
24/06/2002,"3,71"
25/06/2002,"3,85"
26/06/2002,"3,87"
27/06/2002,"3,81"
28/06/2002,"3,80"
01/07/2002,"3,79"
02/07/2002,"3,69"
03/07/2002,"3,58"
04/07/2002,"3,56"
05/07/2002,"3,57"
08/07/2002,"3,53"
10/07/2002,"3,53"
11/07/2002,"3,56"
12/07/2002,"3,59"
15/07/2002,"3,59"
16/07/2002,"3,59"
17/07/2002,"3,50"
18/07/2002,"3,54"
19/07/2002,"3,58"
22/07/2002,"3,60"
23/07/2002,"3,64"
24/07/2002,"3,65"
25/07/2002,"3,63"
26/07/2002,"3,66"
29/07/2002,"3,65"
30/07/2002,"3,65"
31/07/2002,"3,70"
01/08/2002,"3,63"
02/08/2002,"3,62"
05/08/2002,"3,62"
06/08/2002,"3,62"
07/08/2002,"3,63"
08/08/2002,"3,64"
09/08/2002,"3,64"
12/08/2002,"3,62"
13/08/2002,"3,61"
14/08/2002,"3,63"
15/08/2002,"3,64"
16/08/2002,"3,64"
20/08/2002,"3,63"
21/08/2002,"3,60"
22/08/2002,"3,58"
23/08/2002,"3,60"
26/08/2002,"3,62"
27/08/2002,"3,63"
28/08/2002,"3,61"
29/08/2002,"3,61"
30/08/2002,"3,63"
02/09/2002,"3,63"
03/09/2002,"3,63"
04/09/2002,"3,64"
05/09/2002,"3,62"
06/09/2002,"3,61"
09/09/2002,"3,61"
10/09/2002,"3,62"
11/09/2002,"3,61"
12/09/2002,"3,62"
13/09/2002,"3,63"
16/09/2002,"3,64"
17/09/2002,"3,63"
18/09/2002,"3,63"
19/09/2002,"3,65"
20/09/2002,"3,66"
23/09/2002,"3,65"
24/09/2002,"3,66"
25/09/2002,"3,67"
26/09/2002,"3,67"
27/09/2002,"3,70"
30/09/2002,"3,73"
01/10/2002,"3,74"
02/10/2002,"3,76"
03/10/2002,"3,75"
04/10/2002,"3,74"
07/10/2002,"3,76"
08/10/2002,"3,74"
09/10/2002,"3,72"
10/10/2002,"3,69"
11/10/2002,"3,71"
15/10/2002,"3,68"
16/10/2002,"3,61"
17/10/2002,"3,57"
18/10/2002,"3,59"
21/10/2002,"3,61"
22/10/2002,"3,62"
23/10/2002,"3,60"
24/10/2002,"3,60"
25/10/2002,"3,61"
28/10/2002,"3,59"
29/10/2002,"3,58"
30/10/2002,"3,55"
31/10/2002,"3,52"
01/11/2002,"3,52"
04/11/2002,"3,54"
05/11/2002,"3,54"
07/11/2002,"3,54"
08/11/2002,"3,53"
11/11/2002,"3,54"
12/11/2002,"3,53"
13/11/2002,"3,53"
14/11/2002,"3,54"
15/11/2002,"3,53"
18/11/2002,"3,53"
19/11/2002,"3,51"
20/11/2002,"3,51"
21/11/2002,"3,51"
22/11/2002,"3,50"
25/11/2002,"3,50"
26/11/2002,"3,48"
27/11/2002,"3,49"
28/11/2002,"3,54"
29/11/2002,"3,60"
02/12/2002,"3,59"
03/12/2002,"3,54"
04/12/2002,"3,53"
05/12/2002,"3,52"
06/12/2002,"3,53"
09/12/2002,"3,53"
10/12/2002,"3,53"
11/12/2002,"3,51"
12/12/2002,"3,50"
13/12/2002,"3,51"
16/12/2002,"3,54"
17/12/2002,"3,54"
18/12/2002,"3,51"
19/12/2002,"3,48"
20/12/2002,"3,47"
23/12/2002,"3,47"
24/12/2002,"3,45"
26/12/2002,"3,41"
27/12/2002,"3,40"
30/12/2002,"3,39"
31/12/2002,"3,36"
02/01/2003,"3,36"
03/01/2003,"3,33"
06/01/2003,"3,33"
07/01/2003,"3,29"
08/01/2003,"3,29"
09/01/2003,"3,31"
10/01/2003,"3,35"
13/01/2003,"3,35"
14/01/2003,"3,30"
15/01/2003,"3,23"
16/01/2003,"3,24"
17/01/2003,"3,24"
20/01/2003,"3,19"
21/01/2003,"3,13"
22/01/2003,"3,06"
23/01/2003,"3,12"
24/01/2003,"3,17"
27/01/2003,"3,26"
28/01/2003,"3,34"
29/01/2003,"3,34"
30/01/2003,"3,24"
31/01/2003,"3,18"
03/02/2003,"3,20"
04/02/2003,"3,16"
05/02/2003,"3,15"
06/02/2003,"3,15"
07/02/2003,"3,15"
10/02/2003,"3,15"
11/02/2003,"3,10"
12/02/2003,"3,08"
13/02/2003,"3,12"
14/02/2003,"3,19"
17/02/2003,"3,16"
18/02/2003,"3,16"
19/02/2003,"3,18"
20/02/2003,"3,23"
21/02/2003,"3,20"
24/02/2003,"3,18"
25/02/2003,"3,15"
26/02/2003,"3,16"
27/02/2003,"3,18"
28/02/2003,"3,20"
03/03/2003,"3,22"
04/03/2003,"3,20"
05/03/2003,"3,17"
06/03/2003,"3,18"
07/03/2003,"3,17"
10/03/2003,"3,15"
11/03/2003,"3,14"
12/03/2003,"3,11"
13/03/2003,"3,11"
14/03/2003,"3,12"
17/03/2003,"3,10"
18/03/2003,"3,07"
19/03/2003,"3,02"
20/03/2003,"3,02"
21/03/2003,"3,04"
24/03/2003,"3,01"
25/03/2003,"2,94"
26/03/2003,"2,90"
27/03/2003,"2,87"
28/03/2003,"2,96"
01/04/2003,"2,98"
02/04/2003,"2,92"
03/04/2003,"2,90"
04/04/2003,"2,90"
07/04/2003,"2,89"
08/04/2003,"2,91"
09/04/2003,"2,92"
10/04/2003,"2,90"
11/04/2003,"2,89"
14/04/2003,"2,92"
15/04/2003,"2,96"
16/04/2003,"2,94"
21/04/2003,"2,90"
22/04/2003,"2,86"
23/04/2003,"2,84"
24/04/2003,"2,85"
25/04/2003,"2,88"
28/04/2003,"2,86"
29/04/2003,"2,85"
30/04/2003,"2,83"
02/05/2003,"2,79"
05/05/2003,"2,80"
06/05/2003,"2,80"
07/05/2003,"2,81"
08/05/2003,"2,77"
09/05/2003,"2,76"
12/05/2003,"2,77"
13/05/2003,"2,75"
14/05/2003,"2,77"
15/05/2003,"2,84"
16/05/2003,"2,91"
19/05/2003,"2,95"
20/05/2003,"2,88"
21/05/2003,"2,85"
22/05/2003,"2,84"
23/05/2003,"2,89"
26/05/2003,"2,88"
27/05/2003,"2,87"
28/05/2003,"2,88"
29/05/2003,"2,88"
30/05/2003,"2,86"
02/06/2003,"2,85"
03/06/2003,"2,84"
04/06/2003,"2,83"
05/06/2003,"2,82"
06/06/2003,"2,82"
09/06/2003,"2,82"
10/06/2003,"2,81"
11/06/2003,"2,81"
12/06/2003,"2,84"
13/06/2003,"2,83"
17/06/2003,"2,80"
18/06/2003,"2,80"
19/06/2003,"2,80"
20/06/2003,"2,80"
23/06/2003,"2,80"
24/06/2003,"2,77"
25/06/2003,"2,76"
26/06/2003,"2,79"
27/06/2003,"2,79"
30/06/2003,"2,81"
01/07/2003,"2,80"
02/07/2003,"2,80"
03/07/2003,"2,80"
04/07/2003,"2,80"
07/07/2003,"2,79"
08/07/2003,"2,78"
10/07/2003,"2,77"
11/07/2003,"2,76"
14/07/2003,"2,76"
15/07/2003,"2,78"
16/07/2003,"2,77"
17/07/2003,"2,79"
18/07/2003,"2,80"
21/07/2003,"2,80"
22/07/2003,"2,79"
23/07/2003,"2,78"
24/07/2003,"2,79"
25/07/2003,"2,82"
28/07/2003,"2,82"
29/07/2003,"2,84"
30/07/2003,"2,88"
31/07/2003,"2,93"
01/08/2003,"2,93"
04/08/2003,"2,96"
05/08/2003,"2,94"
06/08/2003,"2,93"
07/08/2003,"2,93"
08/08/2003,"2,92"
11/08/2003,"2,92"
12/08/2003,"2,91"
13/08/2003,"2,88"
14/08/2003,"2,90"
15/08/2003,"2,90"
19/08/2003,"2,90"
20/08/2003,"2,91"
21/08/2003,"2,94"
22/08/2003,"2,97"
25/08/2003,"2,93"
26/08/2003,"2,92"
27/08/2003,"2,96"
28/08/2003,"2,97"
29/08/2003,"2,95"
01/09/2003,"2,96"
02/09/2003,"2,97"
03/09/2003,"2,98"
04/09/2003,"2,96"
05/09/2003,"2,94"
08/09/2003,"2,94"
09/09/2003,"2,96"
10/09/2003,"2,94"
11/09/2003,"2,90"
12/09/2003,"2,89"
15/09/2003,"2,89"
16/09/2003,"2,89"
17/09/2003,"2,91"
18/09/2003,"2,92"
19/09/2003,"2,91"
22/09/2003,"2,91"
23/09/2003,"2,90"
24/09/2003,"2,89"
25/09/2003,"2,89"
26/09/2003,"2,90"
29/09/2003,"2,91"
30/09/2003,"2,91"
01/10/2003,"2,91"
02/10/2003,"2,90"
03/10/2003,"2,90"
06/10/2003,"2,88"
07/10/2003,"2,87"
08/10/2003,"2,86"
09/10/2003,"2,85"
10/10/2003,"2,83"
14/10/2003,"2,84"
15/10/2003,"2,84"
16/10/2003,"2,84"
17/10/2003,"2,85"
20/10/2003,"2,85"
21/10/2003,"2,85"
22/10/2003,"2,85"
23/10/2003,"2,85"
24/10/2003,"2,84"
27/10/2003,"2,84"
28/10/2003,"2,85"
29/10/2003,"2,85"
30/10/2003,"2,86"
31/10/2003,"2,88"
03/11/2003,"2,86"
04/11/2003,"2,85"
05/11/2003,"2,86"
07/11/2003,"2,85"
10/11/2003,"2,85"
11/11/2003,"2,85"
12/11/2003,"2,86"
13/11/2003,"2,86"
14/11/2003,"2,87"
17/11/2003,"2,88"
18/11/2003,"2,86"
19/11/2003,"2,87"
20/11/2003,"2,88"
21/11/2003,"2,89"
24/11/2003,"2,89"
25/11/2003,"2,92"
26/11/2003,"2,94"
27/11/2003,"2,98"
28/11/2003,"2,99"
01/12/2003,"2,99"
02/12/2003,"2,97"
03/12/2003,"2,98"
04/12/2003,"2,97"
05/12/2003,"2,97"
09/12/2003,"2,95"
10/12/2003,"2,94"
11/12/2003,"2,95"
12/12/2003,"2,96"
15/12/2003,"2,96"
16/12/2003,"2,97"
17/12/2003,"2,97"
18/12/2003,"2,97"
19/12/2003,"2,97"
22/12/2003,"2,97"
23/12/2003,"2,96"
24/12/2003,"2,96"
26/12/2003,"2,95"
29/12/2003,"2,95"
30/12/2003,"2,93"
31/12/2003,"2,93"
02/01/2004,"2,92"
05/01/2004,"2,89"
06/01/2004,"2,86"
07/01/2004,"2,87"
08/01/2004,"2,89"
09/01/2004,"2,89"
12/01/2004,"2,87"
13/01/2004,"2,86"
14/01/2004,"2,88"
15/01/2004,"2,87"
16/01/2004,"2,87"
19/01/2004,"2,89"
20/01/2004,"2,89"
21/01/2004,"2,89"
22/01/2004,"2,91"
23/01/2004,"2,90"
26/01/2004,"2,91"
27/01/2004,"2,91"
28/01/2004,"2,92"
29/01/2004,"2,94"
30/01/2004,"2,93"
02/02/2004,"2,94"
03/02/2004,"2,93"
04/02/2004,"2,93"
05/02/2004,"2,96"
06/02/2004,"2,96"
09/02/2004,"2,94"
10/02/2004,"2,93"
11/02/2004,"2,94"
12/02/2004,"2,93"
13/02/2004,"2,92"
16/02/2004,"2,92"
17/02/2004,"2,92"
18/02/2004,"2,93"
19/02/2004,"2,94"
20/02/2004,"2,94"
23/02/2004,"2,92"
24/02/2004,"2,92"
25/02/2004,"2,92"
26/02/2004,"2,92"
27/02/2004,"2,92"
01/03/2004,"2,92"
02/03/2004,"2,92"
03/03/2004,"2,91"
04/03/2004,"2,92"
05/03/2004,"2,93"
08/03/2004,"2,94"
09/03/2004,"2,93"
10/03/2004,"2,90"
11/03/2004,"2,92"
12/03/2004,"2,91"
15/03/2004,"2,91"
16/03/2004,"2,90"
17/03/2004,"2,89"
18/03/2004,"2,88"
19/03/2004,"2,88"
22/03/2004,"2,87"
23/03/2004,"2,87"
24/03/2004,"2,88"
25/03/2004,"2,88"
26/03/2004,"2,88"
29/03/2004,"2,88"
30/03/2004,"2,87"
31/03/2004,"2,86"
01/04/2004,"2,85"
02/04/2004,"2,85"
06/04/2004,"2,84"
07/04/2004,"2,81"
12/04/2004,"2,80"
13/04/2004,"2,82"
14/04/2004,"2,82"
15/04/2004,"2,81"
16/04/2004,"2,82"
19/04/2004,"2,82"
20/04/2004,"2,84"
21/04/2004,"2,85"
22/04/2004,"2,86"
23/04/2004,"2,86"
26/04/2004,"2,84"
27/04/2004,"2,83"
28/04/2004,"2,85"
29/04/2004,"2,86"
30/04/2004,"2,85"
03/05/2004,"2,84"
04/05/2004,"2,86"
05/05/2004,"2,86"
06/05/2004,"2,88"
07/05/2004,"2,92"
10/05/2004,"2,96"
11/05/2004,"2,91"
12/05/2004,"2,91"
13/05/2004,"2,93"
14/05/2004,"2,91"
17/05/2004,"2,91"
18/05/2004,"2,91"
19/05/2004,"2,91"
20/05/2004,"2,93"
21/05/2004,"2,95"
24/05/2004,"2,95"
26/05/2004,"2,95"
27/05/2004,"2,96"
28/05/2004,"2,96"
31/05/2004,"2,96"
01/06/2004,"2,97"
02/06/2004,"2,95"
03/06/2004,"2,95"
04/06/2004,"2,97"
07/06/2004,"2,97"
08/06/2004,"2,97"
09/06/2004,"2,96"
10/06/2004,"2,96"
11/06/2004,"2,97"
14/06/2004,"2,97"
15/06/2004,"2,96"
16/06/2004,"2,95"
17/06/2004,"2,96"
18/06/2004,"2,96"
22/06/2004,"2,96"
23/06/2004,"2,95"
24/06/2004,"2,94"
25/06/2004,"2,95"
28/06/2004,"2,96"
29/06/2004,"2,96"
30/06/2004,"2,96"
01/07/2004,"2,95"
02/07/2004,"2,95"
05/07/2004,"2,95"
06/07/2004,"2,94"
07/07/2004,"2,94"
08/07/2004,"2,95"
12/07/2004,"2,96"
13/07/2004,"2,95"
14/07/2004,"2,95"
15/07/2004,"2,95"
16/07/2004,"2,94"
19/07/2004,"2,94"
20/07/2004,"2,95"
21/07/2004,"2,95"
22/07/2004,"2,96"
23/07/2004,"2,96"
26/07/2004,"2,97"
27/07/2004,"2,97"
28/07/2004,"2,97"
29/07/2004,"2,98"
30/07/2004,"2,98"
02/08/2004,"2,99"
03/08/2004,"2,99"
04/08/2004,"3,01"
05/08/2004,"3,04"
06/08/2004,"3,07"
09/08/2004,"3,05"
10/08/2004,"3,02"
11/08/2004,"3,03"
12/08/2004,"3,02"
13/08/2004,"3,01"
17/08/2004,"3,01"
18/08/2004,"3,02"
19/08/2004,"3,01"
20/08/2004,"3,01"
23/08/2004,"3,01"
24/08/2004,"3,00"
25/08/2004,"2,99"
26/08/2004,"2,99"
27/08/2004,"3,01"
30/08/2004,"3,01"
31/08/2004,"3,00"
01/09/2004,"3,00"
02/09/2004,"3,00"
03/09/2004,"3,00"
06/09/2004,"2,99"
07/09/2004,"2,99"
08/09/2004,"2,99"
09/09/2004,"3,00"
10/09/2004,"3,01"
13/09/2004,"3,01"
14/09/2004,"3,00"
15/09/2004,"2,98"
16/09/2004,"2,98"
17/09/2004,"3,00"
20/09/2004,"2,99"
21/09/2004,"3,00"
22/09/2004,"3,00"
23/09/2004,"2,99"
24/09/2004,"3,00"
27/09/2004,"2,99"
28/09/2004,"2,99"
29/09/2004,"2,99"
30/09/2004,"2,98"
01/10/2004,"2,98"
04/10/2004,"2,97"
05/10/2004,"2,97"
06/10/2004,"2,97"
07/10/2004,"2,97"
08/10/2004,"2,97"
12/10/2004,"2,97"
13/10/2004,"2,97"
14/10/2004,"2,98"
15/10/2004,"2,97"
18/10/2004,"2,96"
19/10/2004,"2,96"
20/10/2004,"2,96"
21/10/2004,"2,96"
22/10/2004,"2,96"
25/10/2004,"2,97"
26/10/2004,"2,97"
27/10/2004,"2,97"
28/10/2004,"2,98"
29/10/2004,"2,98"
01/11/2004,"2,97"
02/11/2004,"2,96"
03/11/2004,"2,96"
04/11/2004,"2,96"
05/11/2004,"2,96"
08/11/2004,"2,97"
09/11/2004,"2,98"
10/11/2004,"2,97"
11/11/2004,"2,97"
12/11/2004,"2,96"
15/11/2004,"2,96"
16/11/2004,"2,95"
17/11/2004,"2,94"
18/11/2004,"2,93"
19/11/2004,"2,94"
22/11/2004,"2,95"
23/11/2004,"2,95"
24/11/2004,"2,94"
25/11/2004,"2,94"
26/11/2004,"2,94"
29/11/2004,"2,95"
30/11/2004,"2,95"
01/12/2004,"2,94"
02/12/2004,"2,95"
03/12/2004,"2,97"
06/12/2004,"2,98"
07/12/2004,"2,99"
09/12/2004,"2,98"
10/12/2004,"2,98"
13/12/2004,"2,98"
14/12/2004,"2,97"
15/12/2004,"2,98"
16/12/2004,"2,99"
17/12/2004,"2,99"
20/12/2004,"2,97"
21/12/2004,"2,95"
22/12/2004,"2,96"
23/12/2004,"2,96"
24/12/2004,"2,96"
27/12/2004,"2,96"
28/12/2004,"2,97"
29/12/2004,"2,98"
30/12/2004,"2,98"
31/12/2004,"2,97"
03/01/2005,"2,97"
04/01/2005,"2,97"
05/01/2005,"2,97"
06/01/2005,"2,97"
07/01/2005,"2,97"
10/01/2005,"2,97"
11/01/2005,"2,97"
12/01/2005,"2,95"
13/01/2005,"2,94"
14/01/2005,"2,94"
17/01/2005,"2,93"
18/01/2005,"2,94"
19/01/2005,"2,94"
20/01/2005,"2,94"
21/01/2005,"2,94"
24/01/2005,"2,94"
25/01/2005,"2,93"
26/01/2005,"2,92"
27/01/2005,"2,93"
28/01/2005,"2,93"
31/01/2005,"2,93"
01/02/2005,"2,92"
02/02/2005,"2,92"
03/02/2005,"2,92"
04/02/2005,"2,92"
07/02/2005,"2,92"
08/02/2005,"2,92"
09/02/2005,"2,91"
10/02/2005,"2,91"
11/02/2005,"2,91"
14/02/2005,"2,91"
15/02/2005,"2,91"
16/02/2005,"2,90"
17/02/2005,"2,89"
18/02/2005,"2,91"
21/02/2005,"2,91"
22/02/2005,"2,92"
23/02/2005,"2,93"
24/02/2005,"2,94"
25/02/2005,"2,93"
28/02/2005,"2,93"
01/03/2005,"2,94"
02/03/2005,"2,95"
03/03/2005,"2,95"
04/03/2005,"2,94"
07/03/2005,"2,93"
08/03/2005,"2,93"
09/03/2005,"2,94"
10/03/2005,"2,94"
11/03/2005,"2,92"
14/03/2005,"2,92"
15/03/2005,"2,92"
16/03/2005,"2,92"
17/03/2005,"2,92"
18/03/2005,"2,91"
21/03/2005,"2,92"
22/03/2005,"2,91"
23/03/2005,"2,92"
28/03/2005,"2,92"
29/03/2005,"2,92"
30/03/2005,"2,92"
31/03/2005,"2,92"
01/04/2005,"2,92"
04/04/2005,"2,92"
05/04/2005,"2,92"
06/04/2005,"2,91"
07/04/2005,"2,89"
08/04/2005,"2,89"
11/04/2005,"2,89"
12/04/2005,"2,89"
13/04/2005,"2,88"
14/04/2005,"2,88"
15/04/2005,"2,89"
18/04/2005,"2,90"
19/04/2005,"2,90"
20/04/2005,"2,90"
21/04/2005,"2,90"
22/04/2005,"2,90"
25/04/2005,"2,90"
26/04/2005,"2,90"
27/04/2005,"2,90"
28/04/2005,"2,90"
29/04/2005,"2,91"
02/05/2005,"2,90"
03/05/2005,"2,90"
04/05/2005,"2,90"
05/05/2005,"2,90"
06/05/2005,"2,90"
09/05/2005,"2,90"
10/05/2005,"2,89"
11/05/2005,"2,89"
12/05/2005,"2,90"
13/05/2005,"2,90"
16/05/2005,"2,89"
17/05/2005,"2,89"
18/05/2005,"2,89"
19/05/2005,"2,88"
20/05/2005,"2,89"
23/05/2005,"2,89"
24/05/2005,"2,88"
26/05/2005,"2,89"
27/05/2005,"2,89"
30/05/2005,"2,89"
31/05/2005,"2,89"
01/06/2005,"2,88"
02/06/2005,"2,88"
03/06/2005,"2,89"
06/06/2005,"2,89"
07/06/2005,"2,89"
08/06/2005,"2,89"
09/06/2005,"2,90"
10/06/2005,"2,89"
13/06/2005,"2,89"
14/06/2005,"2,88"
15/06/2005,"2,87"
16/06/2005,"2,88"
17/06/2005,"2,87"
21/06/2005,"2,87"
22/06/2005,"2,87"
23/06/2005,"2,87"
24/06/2005,"2,88"
27/06/2005,"2,88"
28/06/2005,"2,89"
29/06/2005,"2,90"
30/06/2005,"2,89"
01/07/2005,"2,88"
04/07/2005,"2,88"
05/07/2005,"2,89"
06/07/2005,"2,88"
07/07/2005,"2,88"
08/07/2005,"2,87"
11/07/2005,"2,86"
12/07/2005,"2,88"
13/07/2005,"2,87"
14/07/2005,"2,87"
15/07/2005,"2,86"
18/07/2005,"2,87"
19/07/2005,"2,86"
20/07/2005,"2,86"
21/07/2005,"2,86"
22/07/2005,"2,86"
25/07/2005,"2,86"
26/07/2005,"2,86"
27/07/2005,"2,86"
28/07/2005,"2,87"
29/07/2005,"2,86"
01/08/2005,"2,86"
02/08/2005,"2,86"
03/08/2005,"2,86"
04/08/2005,"2,86"
05/08/2005,"2,86"
08/08/2005,"2,87"
09/08/2005,"2,87"
10/08/2005,"2,87"
11/08/2005,"2,88"
12/08/2005,"2,88"
16/08/2005,"2,89"
17/08/2005,"2,89"
18/08/2005,"2,90"
19/08/2005,"2,91"
22/08/2005,"2,91"
23/08/2005,"2,91"
24/08/2005,"2,91"
25/08/2005,"2,91"
26/08/2005,"2,91"
29/08/2005,"2,91"
30/08/2005,"2,91"
31/08/2005,"2,91"
01/09/2005,"2,91"
02/09/2005,"2,91"
05/09/2005,"2,91"
06/09/2005,"2,91"
07/09/2005,"2,91"
08/09/2005,"2,90"
09/09/2005,"2,91"
12/09/2005,"2,92"
13/09/2005,"2,92"
14/09/2005,"2,92"
15/09/2005,"2,92"
16/09/2005,"2,91"
19/09/2005,"2,91"
20/09/2005,"2,91"
21/09/2005,"2,91"
22/09/2005,"2,91"
23/09/2005,"2,91"
26/09/2005,"2,91"
27/09/2005,"2,91"
28/09/2005,"2,91"
29/09/2005,"2,91"
30/09/2005,"2,91"
03/10/2005,"2,91"
04/10/2005,"2,91"
05/10/2005,"2,92"
06/10/2005,"2,93"
07/10/2005,"2,94"
11/10/2005,"2,94"
12/10/2005,"2,96"
13/10/2005,"2,98"
14/10/2005,"2,98"
17/10/2005,"2,97"
18/10/2005,"2,97"
19/10/2005,"2,97"
20/10/2005,"2,98"
21/10/2005,"2,99"
24/10/2005,"2,98"
25/10/2005,"2,98"
26/10/2005,"3,00"
27/10/2005,"3,01"
28/10/2005,"3,01"
31/10/2005,"3,01"
01/11/2005,"3,00"
02/11/2005,"2,99"
03/11/2005,"2,98"
04/11/2005,"2,98"
07/11/2005,"2,98"
08/11/2005,"2,97"
09/11/2005,"2,96"
10/11/2005,"2,97"
11/11/2005,"2,97"
14/11/2005,"2,97"
15/11/2005,"2,96"
16/11/2005,"2,95"
17/11/2005,"2,95"
18/11/2005,"2,94"
21/11/2005,"2,94"
22/11/2005,"2,94"
23/11/2005,"2,95"
24/11/2005,"2,95"
25/11/2005,"2,97"
28/11/2005,"2,99"
29/11/2005,"2,99"
30/11/2005,"2,97"
01/12/2005,"2,97"
02/12/2005,"2,98"
05/12/2005,"2,99"
06/12/2005,"3,00"
07/12/2005,"2,99"
09/12/2005,"3,00"
12/12/2005,"3,01"
13/12/2005,"3,01"
14/12/2005,"3,00"
15/12/2005,"3,01"
16/12/2005,"3,05"
19/12/2005,"3,04"
20/12/2005,"3,03"
21/12/2005,"3,03"
22/12/2005,"3,03"
23/12/2005,"3,02"
26/12/2005,"3,02"
27/12/2005,"3,02"
28/12/2005,"3,04"
29/12/2005,"3,03"
30/12/2005,"3,03"
31/12/2005,"3,03"
02/01/2006,"3,03"
03/01/2006,"3,04"
04/01/2006,"3,04"
05/01/2006,"3,04"
06/01/2006,"3,05"
09/01/2006,"3,06"
10/01/2006,"3,06"
11/01/2006,"3,05"
12/01/2006,"3,04"
13/01/2006,"3,04"
16/01/2006,"3,04"
17/01/2006,"3,04"
18/01/2006,"3,05"
19/01/2006,"3,05"
20/01/2006,"3,04"
23/01/2006,"3,04"
24/01/2006,"3,04"
25/01/2006,"3,04"
26/01/2006,"3,05"
27/01/2006,"3,05"
30/01/2006,"3,06"
31/01/2006,"3,06"
01/02/2006,"3,06"
02/02/2006,"3,07"
03/02/2006,"3,07"
06/02/2006,"3,06"
07/02/2006,"3,07"
08/02/2006,"3,08"
09/02/2006,"3,07"
10/02/2006,"3,06"
13/02/2006,"3,07"
14/02/2006,"3,07"
15/02/2006,"3,07"
16/02/2006,"3,07"
17/02/2006,"3,07"
20/02/2006,"3,07"
21/02/2006,"3,07"
22/02/2006,"3,07"
23/02/2006,"3,07"
24/02/2006,"3,08"
27/02/2006,"3,07"
28/02/2006,"3,07"
01/03/2006,"3,07"
02/03/2006,"3,07"
03/03/2006,"3,07"
06/03/2006,"3,08"
07/03/2006,"3,08"
08/03/2006,"3,08"
09/03/2006,"3,08"
10/03/2006,"3,08"
13/03/2006,"3,08"
14/03/2006,"3,08"
15/03/2006,"3,07"
16/03/2006,"3,07"
17/03/2006,"3,07"
20/03/2006,"3,07"
21/03/2006,"3,07"
22/03/2006,"3,08"
23/03/2006,"3,08"
27/03/2006,"3,08"
28/03/2006,"3,08"
29/03/2006,"3,08"
30/03/2006,"3,08"
31/03/2006,"3,08"
03/04/2006,"3,08"
04/04/2006,"3,08"
05/04/2006,"3,08"
06/04/2006,"3,08"
07/04/2006,"3,08"
10/04/2006,"3,08"
11/04/2006,"3,08"
12/04/2006,"3,08"
17/04/2006,"3,08"
18/04/2006,"3,07"
19/04/2006,"3,07"
20/04/2006,"3,06"
21/04/2006,"3,06"
24/04/2006,"3,05"
25/04/2006,"3,04"
26/04/2006,"3,04"
27/04/2006,"3,04"
28/04/2006,"3,04"
02/05/2006,"3,04"
03/05/2006,"3,04"
04/05/2006,"3,04"
05/05/2006,"3,04"
08/05/2006,"3,04"
09/05/2006,"3,04"
10/05/2006,"3,04"
11/05/2006,"3,04"
12/05/2006,"3,04"
15/05/2006,"3,04"
16/05/2006,"3,04"
17/05/2006,"3,05"
18/05/2006,"3,05"
19/05/2006,"3,06"
22/05/2006,"3,07"
23/05/2006,"3,07"
24/05/2006,"3,08"
26/05/2006,"3,07"
29/05/2006,"3,08"
30/05/2006,"3,08"
31/05/2006,"3,09"
01/06/2006,"3,08"
02/06/2006,"3,08"
05/06/2006,"3,08"
06/06/2006,"3,08"
07/06/2006,"3,08"
08/06/2006,"3,08"
09/06/2006,"3,08"
12/06/2006,"3,08"
13/06/2006,"3,08"
14/06/2006,"3,08"
15/06/2006,"3,08"
16/06/2006,"3,08"
20/06/2006,"3,08"
21/06/2006,"3,08"
22/06/2006,"3,08"
23/06/2006,"3,08"
26/06/2006,"3,08"
27/06/2006,"3,09"
28/06/2006,"3,09"
29/06/2006,"3,09"
30/06/2006,"3,08"
03/07/2006,"3,08"
04/07/2006,"3,08"
05/07/2006,"3,09"
06/07/2006,"3,09"
07/07/2006,"3,09"
10/07/2006,"3,09"
11/07/2006,"3,09"
12/07/2006,"3,08"
13/07/2006,"3,08"
14/07/2006,"3,08"
17/07/2006,"3,08"
18/07/2006,"3,08"
19/07/2006,"3,08"
20/07/2006,"3,08"
21/07/2006,"3,08"
24/07/2006,"3,08"
25/07/2006,"3,08"
26/07/2006,"3,08"
27/07/2006,"3,08"
28/07/2006,"3,08"
31/07/2006,"3,07"
01/08/2006,"3,07"
02/08/2006,"3,07"
03/08/2006,"3,07"
04/08/2006,"3,07"
07/08/2006,"3,07"
08/08/2006,"3,07"
09/08/2006,"3,07"
10/08/2006,"3,07"
11/08/2006,"3,07"
14/08/2006,"3,07"
15/08/2006,"3,08"
16/08/2006,"3,08"
17/08/2006,"3,08"
18/08/2006,"3,08"
22/08/2006,"3,08"
23/08/2006,"3,09"
24/08/2006,"3,09"
25/08/2006,"3,09"
28/08/2006,"3,10"
29/08/2006,"3,09"
30/08/2006,"3,09"
31/08/2006,"3,10"
01/09/2006,"3,09"
04/09/2006,"3,09"
05/09/2006,"3,10"
06/09/2006,"3,10"
07/09/2006,"3,10"
08/09/2006,"3,10"
11/09/2006,"3,10"
12/09/2006,"3,11"
13/09/2006,"3,11"
14/09/2006,"3,10"
15/09/2006,"3,10"
18/09/2006,"3,10"
19/09/2006,"3,10"
20/09/2006,"3,10"
21/09/2006,"3,10"
22/09/2006,"3,10"
25/09/2006,"3,10"
26/09/2006,"3,10"
27/09/2006,"3,10"
28/09/2006,"3,10"
29/09/2006,"3,10"
02/10/2006,"3,10"
03/10/2006,"3,10"
04/10/2006,"3,11"
05/10/2006,"3,10"
06/10/2006,"3,11"
09/10/2006,"3,11"
10/10/2006,"3,11"
11/10/2006,"3,11"
12/10/2006,"3,11"
13/10/2006,"3,10"
17/10/2006,"3,10"
18/10/2006,"3,10"
19/10/2006,"3,09"
20/10/2006,"3,09"
23/10/2006,"3,09"
24/10/2006,"3,09"
25/10/2006,"3,09"
26/10/2006,"3,09"
27/10/2006,"3,09"
30/10/2006,"3,10"
31/10/2006,"3,09"
01/11/2006,"3,09"
02/11/2006,"3,09"
03/11/2006,"3,08"
07/11/2006,"3,08"
08/11/2006,"3,07"
09/11/2006,"3,07"
10/11/2006,"3,07"
13/11/2006,"3,08"
14/11/2006,"3,08"
15/11/2006,"3,07"
16/11/2006,"3,07"
17/11/2006,"3,07"
20/11/2006,"3,07"
21/11/2006,"3,08"
22/11/2006,"3,08"
23/11/2006,"3,07"
24/11/2006,"3,07"
27/11/2006,"3,08"
28/11/2006,"3,08"
29/11/2006,"3,08"
30/11/2006,"3,07"
01/12/2006,"3,07"
04/12/2006,"3,06"
05/12/2006,"3,06"
06/12/2006,"3,06"
07/12/2006,"3,06"
11/12/2006,"3,06"
12/12/2006,"3,06"
13/12/2006,"3,06"
14/12/2006,"3,06"
15/12/2006,"3,06"
18/12/2006,"3,06"
19/12/2006,"3,06"
20/12/2006,"3,05"
21/12/2006,"3,05"
22/12/2006,"3,05"
26/12/2006,"3,07"
27/12/2006,"3,08"
28/12/2006,"3,07"
29/12/2006,"3,07"
02/01/2007,"3,06"
03/01/2007,"3,06"
04/01/2007,"3,07"
05/01/2007,"3,08"
08/01/2007,"3,08"
09/01/2007,"3,08"
10/01/2007,"3,08"
11/01/2007,"3,08"
12/01/2007,"3,08"
15/01/2007,"3,08"
16/01/2007,"3,08"
17/01/2007,"3,08"
18/01/2007,"3,08"
19/01/2007,"3,08"
22/01/2007,"3,09"
23/01/2007,"3,10"
24/01/2007,"3,10"
25/01/2007,"3,09"
26/01/2007,"3,10"
29/01/2007,"3,11"
30/01/2007,"3,11"
31/01/2007,"3,11"
01/02/2007,"3,10"
02/02/2007,"3,10"
05/02/2007,"3,10"
06/02/2007,"3,10"
07/02/2007,"3,10"
08/02/2007,"3,10"
09/02/2007,"3,10"
12/02/2007,"3,11"
13/02/2007,"3,10"
14/02/2007,"3,10"
15/02/2007,"3,10"
16/02/2007,"3,10"
19/02/2007,"3,10"
20/02/2007,"3,10"
21/02/2007,"3,10"
22/02/2007,"3,10"
23/02/2007,"3,10"
26/02/2007,"3,10"
27/02/2007,"3,10"
28/02/2007,"3,10"
01/03/2007,"3,10"
02/03/2007,"3,10"
05/03/2007,"3,10"
06/03/2007,"3,10"
07/03/2007,"3,10"
08/03/2007,"3,10"
09/03/2007,"3,10"
12/03/2007,"3,10"
13/03/2007,"3,10"
14/03/2007,"3,10"
15/03/2007,"3,10"
16/03/2007,"3,10"
19/03/2007,"3,10"
20/03/2007,"3,10"
21/03/2007,"3,10"
22/03/2007,"3,10"
23/03/2007,"3,10"
26/03/2007,"3,10"
27/03/2007,"3,11"
28/03/2007,"3,11"
29/03/2007,"3,10"
30/03/2007,"3,10"
03/04/2007,"3,10"
04/04/2007,"3,10"
09/04/2007,"3,10"
10/04/2007,"3,09"
11/04/2007,"3,09"
12/04/2007,"3,09"
13/04/2007,"3,09"
16/04/2007,"3,09"
17/04/2007,"3,08"
18/04/2007,"3,08"
19/04/2007,"3,09"
20/04/2007,"3,09"
23/04/2007,"3,09"
24/04/2007,"3,08"
25/04/2007,"3,08"
26/04/2007,"3,09"
27/04/2007,"3,09"
30/04/2007,"3,09"
02/05/2007,"3,08"
03/05/2007,"3,09"
04/05/2007,"3,08"
07/05/2007,"3,08"
08/05/2007,"3,08"
09/05/2007,"3,08"
10/05/2007,"3,08"
11/05/2007,"3,08"
14/05/2007,"3,08"
15/05/2007,"3,07"
16/05/2007,"3,08"
17/05/2007,"3,08"
18/05/2007,"3,08"
21/05/2007,"3,08"
22/05/2007,"3,07"
23/05/2007,"3,08"
24/05/2007,"3,08"
28/05/2007,"3,08"
29/05/2007,"3,08"
30/05/2007,"3,08"
31/05/2007,"3,08"
01/06/2007,"3,07"
04/06/2007,"3,07"
05/06/2007,"3,07"
06/06/2007,"3,08"
07/06/2007,"3,08"
08/06/2007,"3,08"
11/06/2007,"3,07"
12/06/2007,"3,08"
13/06/2007,"3,08"
14/06/2007,"3,07"
15/06/2007,"3,07"
19/06/2007,"3,07"
20/06/2007,"3,08"
21/06/2007,"3,08"
22/06/2007,"3,08"
25/06/2007,"3,08"
26/06/2007,"3,09"
27/06/2007,"3,09"
28/06/2007,"3,09"
29/06/2007,"3,09"
02/07/2007,"3,09"
03/07/2007,"3,09"
04/07/2007,"3,09"
05/07/2007,"3,10"
06/07/2007,"3,10"
10/07/2007,"3,11"
11/07/2007,"3,10"
12/07/2007,"3,10"
13/07/2007,"3,10"
16/07/2007,"3,10"
17/07/2007,"3,10"
18/07/2007,"3,10"
19/07/2007,"3,10"
20/07/2007,"3,11"
23/07/2007,"3,12"
24/07/2007,"3,14"
25/07/2007,"3,17"
26/07/2007,"3,15"
27/07/2007,"3,12"
30/07/2007,"3,12"
31/07/2007,"3,12"
01/08/2007,"3,13"
02/08/2007,"3,13"
03/08/2007,"3,14"
06/08/2007,"3,14"
07/08/2007,"3,14"
08/08/2007,"3,14"
09/08/2007,"3,14"
10/08/2007,"3,15"
13/08/2007,"3,14"
14/08/2007,"3,15"
15/08/2007,"3,15"
16/08/2007,"3,17"
17/08/2007,"3,15"
21/08/2007,"3,16"
22/08/2007,"3,16"
23/08/2007,"3,17"
24/08/2007,"3,17"
27/08/2007,"3,17"
28/08/2007,"3,17"
29/08/2007,"3,16"
30/08/2007,"3,16"
31/08/2007,"3,16"
03/09/2007,"3,16"
04/09/2007,"3,16"
05/09/2007,"3,17"
06/09/2007,"3,16"
07/09/2007,"3,16"
10/09/2007,"3,16"
11/09/2007,"3,15"
12/09/2007,"3,14"
13/09/2007,"3,13"
14/09/2007,"3,13"
17/09/2007,"3,14"
18/09/2007,"3,14"
19/09/2007,"3,13"
20/09/2007,"3,13"
21/09/2007,"3,14"
24/09/2007,"3,15"
25/09/2007,"3,15"
26/09/2007,"3,15"
27/09/2007,"3,15"
28/09/2007,"3,15"
01/10/2007,"3,15"
02/10/2007,"3,15"
03/10/2007,"3,15"
04/10/2007,"3,15"
05/10/2007,"3,16"
08/10/2007,"3,16"
09/10/2007,"3,16"
10/10/2007,"3,16"
11/10/2007,"3,16"
12/10/2007,"3,16"
16/10/2007,"3,16"
17/10/2007,"3,16"
18/10/2007,"3,16"
19/10/2007,"3,16"
22/10/2007,"3,17"
23/10/2007,"3,17"
24/10/2007,"3,18"
25/10/2007,"3,18"
26/10/2007,"3,17"
29/10/2007,"3,16"
30/10/2007,"3,15"
31/10/2007,"3,15"
01/11/2007,"3,14"
02/11/2007,"3,13"
05/11/2007,"3,13"
07/11/2007,"3,13"
08/11/2007,"3,12"
09/11/2007,"3,13"
12/11/2007,"3,13"
13/11/2007,"3,13"
14/11/2007,"3,13"
15/11/2007,"3,13"
16/11/2007,"3,13"
19/11/2007,"3,13"
20/11/2007,"3,13"
21/11/2007,"3,14"
22/11/2007,"3,14"
23/11/2007,"3,14"
26/11/2007,"3,14"
27/11/2007,"3,15"
28/11/2007,"3,15"
29/11/2007,"3,15"
30/11/2007,"3,14"
03/12/2007,"3,14"
04/12/2007,"3,14"
05/12/2007,"3,13"
06/12/2007,"3,13"
07/12/2007,"3,13"
10/12/2007,"3,14"
11/12/2007,"3,14"
12/12/2007,"3,14"
13/12/2007,"3,14"
14/12/2007,"3,14"
17/12/2007,"3,14"
18/12/2007,"3,14"
19/12/2007,"3,14"
20/12/2007,"3,13"
21/12/2007,"3,14"
26/12/2007,"3,14"
27/12/2007,"3,15"
28/12/2007,"3,15"
02/01/2008,"3,15"
03/01/2008,"3,14"
04/01/2008,"3,14"
07/01/2008,"3,14"
08/01/2008,"3,13"
09/01/2008,"3,13"
10/01/2008,"3,13"
11/01/2008,"3,13"
14/01/2008,"3,13"
15/01/2008,"3,14"
16/01/2008,"3,14"
17/01/2008,"3,15"
18/01/2008,"3,15"
21/01/2008,"3,16"
22/01/2008,"3,16"
23/01/2008,"3,16"
24/01/2008,"3,15"
25/01/2008,"3,15"
28/01/2008,"3,15"
29/01/2008,"3,15"
30/01/2008,"3,15"
31/01/2008,"3,16"
01/02/2008,"3,15"
04/02/2008,"3,15"
05/02/2008,"3,16"
06/02/2008,"3,17"
07/02/2008,"3,17"
08/02/2008,"3,17"
11/02/2008,"3,17"
12/02/2008,"3,16"
13/02/2008,"3,16"
14/02/2008,"3,15"
15/02/2008,"3,15"
18/02/2008,"3,15"
19/02/2008,"3,15"
20/02/2008,"3,15"
21/02/2008,"3,15"
22/02/2008,"3,15"
25/02/2008,"3,16"
26/02/2008,"3,16"
27/02/2008,"3,16"
28/02/2008,"3,16"
29/02/2008,"3,16"
03/03/2008,"3,16"
04/03/2008,"3,16"
05/03/2008,"3,15"
06/03/2008,"3,15"
07/03/2008,"3,15"
10/03/2008,"3,16"
11/03/2008,"3,15"
12/03/2008,"3,15"
13/03/2008,"3,15"
14/03/2008,"3,14"
17/03/2008,"3,15"
18/03/2008,"3,15"
19/03/2008,"3,15"
25/03/2008,"3,16"
26/03/2008,"3,17"
27/03/2008,"3,17"
28/03/2008,"3,16"
31/03/2008,"3,17"
01/04/2008,"3,17"
03/04/2008,"3,16"
04/04/2008,"3,16"
07/04/2008,"3,16"
08/04/2008,"3,16"
09/04/2008,"3,16"
10/04/2008,"3,16"
11/04/2008,"3,15"
14/04/2008,"3,15"
15/04/2008,"3,16"
16/04/2008,"3,16"
17/04/2008,"3,17"
18/04/2008,"3,17"
21/04/2008,"3,17"
22/04/2008,"3,18"
23/04/2008,"3,18"
24/04/2008,"3,18"
25/04/2008,"3,18"
28/04/2008,"3,17"
29/04/2008,"3,17"
30/04/2008,"3,16"
02/05/2008,"3,17"
05/05/2008,"3,17"
06/05/2008,"3,18"
07/05/2008,"3,18"
08/05/2008,"3,18"
09/05/2008,"3,18"
12/05/2008,"3,18"
13/05/2008,"3,17"
14/05/2008,"3,16"
15/05/2008,"3,16"
16/05/2008,"3,16"
19/05/2008,"3,14"
20/05/2008,"3,14"
21/05/2008,"3,13"
22/05/2008,"3,13"
23/05/2008,"3,14"
26/05/2008,"3,14"
27/05/2008,"3,13"
28/05/2008,"3,12"
29/05/2008,"3,11"
30/05/2008,"3,10"
02/06/2008,"3,09"
03/06/2008,"3,07"
04/06/2008,"3,06"
05/06/2008,"3,06"
06/06/2008,"3,06"
09/06/2008,"3,06"
10/06/2008,"3,06"
11/06/2008,"3,06"
12/06/2008,"3,05"
13/06/2008,"3,05"
17/06/2008,"3,03"
18/06/2008,"3,03"
19/06/2008,"3,03"
20/06/2008,"3,02"
23/06/2008,"3,02"
24/06/2008,"3,01"
25/06/2008,"3,02"
26/06/2008,"3,02"
27/06/2008,"3,02"
30/06/2008,"3,02"
01/07/2008,"3,02"
02/07/2008,"3,02"
03/07/2008,"3,03"
04/07/2008,"3,03"
07/07/2008,"3,02"
08/07/2008,"3,01"
10/07/2008,"3,02"
11/07/2008,"3,02"
14/07/2008,"3,03"
15/07/2008,"3,02"
16/07/2008,"3,03"
17/07/2008,"3,02"
18/07/2008,"3,02"
21/07/2008,"3,02"
22/07/2008,"3,03"
23/07/2008,"3,02"
24/07/2008,"3,02"
25/07/2008,"3,02"
28/07/2008,"3,02"
29/07/2008,"3,02"
30/07/2008,"3,03"
31/07/2008,"3,03"
01/08/2008,"3,04"
04/08/2008,"3,04"
05/08/2008,"3,04"
06/08/2008,"3,04"
07/08/2008,"3,05"
08/08/2008,"3,05"
11/08/2008,"3,04"
12/08/2008,"3,03"
13/08/2008,"3,04"
14/08/2008,"3,03"
15/08/2008,"3,03"
19/08/2008,"3,03"
20/08/2008,"3,03"
21/08/2008,"3,03"
22/08/2008,"3,02"
25/08/2008,"3,02"
26/08/2008,"3,03"
27/08/2008,"3,03"
28/08/2008,"3,03"
29/08/2008,"3,03"
01/09/2008,"3,03"
02/09/2008,"3,03"
03/09/2008,"3,05"
04/09/2008,"3,04"
05/09/2008,"3,04"
08/09/2008,"3,04"
09/09/2008,"3,05"
10/09/2008,"3,07"
11/09/2008,"3,09"
12/09/2008,"3,08"
15/09/2008,"3,09"
16/09/2008,"3,09"
17/09/2008,"3,10"
18/09/2008,"3,11"
19/09/2008,"3,11"
22/09/2008,"3,11"
23/09/2008,"3,10"
24/09/2008,"3,10"
25/09/2008,"3,11"
26/09/2008,"3,12"
29/09/2008,"3,12"
30/09/2008,"3,13"
01/10/2008,"3,14"
02/10/2008,"3,14"
03/10/2008,"3,16"
06/10/2008,"3,20"
07/10/2008,"3,21"
08/10/2008,"3,22"
09/10/2008,"3,23"
10/10/2008,"3,26"
14/10/2008,"3,21"
15/10/2008,"3,20"
16/10/2008,"3,20"
17/10/2008,"3,21"
20/10/2008,"3,22"
21/10/2008,"3,22"
22/10/2008,"3,22"
23/10/2008,"3,24"
24/10/2008,"3,26"
27/10/2008,"3,29"
28/10/2008,"3,31"
29/10/2008,"3,38"
30/10/2008,"3,36"
31/10/2008,"3,38"
03/11/2008,"3,38"
04/11/2008,"3,37"
05/11/2008,"3,30"
07/11/2008,"3,31"
10/11/2008,"3,30"
11/11/2008,"3,30"
12/11/2008,"3,30"
13/11/2008,"3,31"
14/11/2008,"3,31"
17/11/2008,"3,32"
18/11/2008,"3,32"
19/11/2008,"3,33"
20/11/2008,"3,33"
21/11/2008,"3,33"
24/11/2008,"3,34"
25/11/2008,"3,34"
26/11/2008,"3,35"
27/11/2008,"3,36"
28/11/2008,"3,37"
01/12/2008,"3,38"
02/12/2008,"3,39"
03/12/2008,"3,40"
04/12/2008,"3,43"
05/12/2008,"3,45"
09/12/2008,"3,44"
10/12/2008,"3,42"
11/12/2008,"3,41"
12/12/2008,"3,42"
15/12/2008,"3,43"
16/12/2008,"3,42"
17/12/2008,"3,40"
18/12/2008,"3,41"
19/12/2008,"3,41"
22/12/2008,"3,42"
23/12/2008,"3,43"
24/12/2008,"3,44"
26/12/2008,"3,44"
29/12/2008,"3,44"
30/12/2008,"3,45"
31/12/2008,"3,45"
02/01/2009,"3,45"
05/01/2009,"3,46"
06/01/2009,"3,45"
07/01/2009,"3,46"
08/01/2009,"3,45"
09/01/2009,"3,45"
12/01/2009,"3,45"
13/01/2009,"3,45"
14/01/2009,"3,45"
15/01/2009,"3,45"
16/01/2009,"3,45"
19/01/2009,"3,46"
20/01/2009,"3,46"
21/01/2009,"3,47"
22/01/2009,"3,47"
23/01/2009,"3,48"
26/01/2009,"3,48"
27/01/2009,"3,48"
28/01/2009,"3,49"
29/01/2009,"3,49"
30/01/2009,"3,49"
02/02/2009,"3,49"
03/02/2009,"3,50"
04/02/2009,"3,50"
05/02/2009,"3,49"
06/02/2009,"3,49"
09/02/2009,"3,49"
10/02/2009,"3,49"
11/02/2009,"3,49"
12/02/2009,"3,49"
13/02/2009,"3,49"
16/02/2009,"3,50"
17/02/2009,"3,50"
18/02/2009,"3,51"
19/02/2009,"3,52"
20/02/2009,"3,54"
23/02/2009,"3,54"
24/02/2009,"3,55"
25/02/2009,"3,55"
26/02/2009,"3,56"
27/02/2009,"3,56"
02/03/2009,"3,59"
03/03/2009,"3,61"
04/03/2009,"3,61"
05/03/2009,"3,62"
06/03/2009,"3,63"
09/03/2009,"3,64"
10/03/2009,"3,64"
11/03/2009,"3,64"
12/03/2009,"3,65"
13/03/2009,"3,65"
16/03/2009,"3,65"
17/03/2009,"3,65"
18/03/2009,"3,65"
19/03/2009,"3,66"
20/03/2009,"3,65"
23/03/2009,"3,67"
25/03/2009,"3,69"
26/03/2009,"3,69"
27/03/2009,"3,71"
30/03/2009,"3,72"
31/03/2009,"3,71"
01/04/2009,"3,72"
03/04/2009,"3,70"
06/04/2009,"3,68"
07/04/2009,"3,67"
08/04/2009,"3,68"
13/04/2009,"3,68"
14/04/2009,"3,68"
15/04/2009,"3,68"
16/04/2009,"3,68"
17/04/2009,"3,68"
20/04/2009,"3,69"
21/04/2009,"3,69"
22/04/2009,"3,70"
23/04/2009,"3,70"
24/04/2009,"3,70"
27/04/2009,"3,70"
28/04/2009,"3,71"
29/04/2009,"3,72"
30/04/2009,"3,72"
04/05/2009,"3,69"
05/05/2009,"3,69"
06/05/2009,"3,70"
07/05/2009,"3,72"
08/05/2009,"3,72"
11/05/2009,"3,72"
12/05/2009,"3,72"
13/05/2009,"3,72"
14/05/2009,"3,73"
15/05/2009,"3,73"
18/05/2009,"3,73"
19/05/2009,"3,73"
20/05/2009,"3,73"
21/05/2009,"3,73"
22/05/2009,"3,74"
26/05/2009,"3,74"
27/05/2009,"3,74"
28/05/2009,"3,74"
29/05/2009,"3,75"
01/06/2009,"3,75"
02/06/2009,"3,74"
03/06/2009,"3,74"
04/06/2009,"3,74"
05/06/2009,"3,75"
08/06/2009,"3,76"
09/06/2009,"3,76"
10/06/2009,"3,76"
11/06/2009,"3,76"
12/06/2009,"3,76"
16/06/2009,"3,77"
17/06/2009,"3,77"
18/06/2009,"3,77"
19/06/2009,"3,77"
22/06/2009,"3,78"
23/06/2009,"3,79"
24/06/2009,"3,79"
25/06/2009,"3,80"
26/06/2009,"3,80"
29/06/2009,"3,79"
30/06/2009,"3,80"
01/07/2009,"3,80"
02/07/2009,"3,80"
03/07/2009,"3,80"
06/07/2009,"3,81"
07/07/2009,"3,80"
08/07/2009,"3,81"
13/07/2009,"3,81"
14/07/2009,"3,81"
15/07/2009,"3,81"
16/07/2009,"3,81"
17/07/2009,"3,81"
20/07/2009,"3,81"
21/07/2009,"3,81"
22/07/2009,"3,81"
23/07/2009,"3,81"
24/07/2009,"3,81"
27/07/2009,"3,81"
28/07/2009,"3,81"
29/07/2009,"3,82"
30/07/2009,"3,83"
31/07/2009,"3,83"
03/08/2009,"3,83"
04/08/2009,"3,82"
05/08/2009,"3,82"
06/08/2009,"3,82"
07/08/2009,"3,83"
10/08/2009,"3,83"
11/08/2009,"3,83"
12/08/2009,"3,83"
13/08/2009,"3,84"
14/08/2009,"3,84"
18/08/2009,"3,84"
19/08/2009,"3,85"
20/08/2009,"3,85"
21/08/2009,"3,85"
24/08/2009,"3,85"
25/08/2009,"3,85"
26/08/2009,"3,85"
27/08/2009,"3,85"
28/08/2009,"3,85"
31/08/2009,"3,85"
01/09/2009,"3,85"
02/09/2009,"3,85"
03/09/2009,"3,85"
04/09/2009,"3,85"
07/09/2009,"3,85"
08/09/2009,"3,85"
09/09/2009,"3,85"
10/09/2009,"3,85"
11/09/2009,"3,85"
14/09/2009,"3,85"
15/09/2009,"3,83"
16/09/2009,"3,83"
17/09/2009,"3,83"
18/09/2009,"3,84"
21/09/2009,"3,84"
22/09/2009,"3,83"
23/09/2009,"3,84"
24/09/2009,"3,84"
25/09/2009,"3,84"
28/09/2009,"3,84"
29/09/2009,"3,84"
30/09/2009,"3,84"
01/10/2009,"3,84"
02/10/2009,"3,85"
05/10/2009,"3,84"
06/10/2009,"3,83"
07/10/2009,"3,83"
08/10/2009,"3,83"
09/10/2009,"3,83"
13/10/2009,"3,82"
14/10/2009,"3,82"
15/10/2009,"3,82"
16/10/2009,"3,82"
19/10/2009,"3,82"
20/10/2009,"3,82"
21/10/2009,"3,82"
22/10/2009,"3,82"
23/10/2009,"3,82"
26/10/2009,"3,82"
27/10/2009,"3,82"
28/10/2009,"3,82"
29/10/2009,"3,82"
30/10/2009,"3,82"
02/11/2009,"3,82"
03/11/2009,"3,82"
04/11/2009,"3,82"
05/11/2009,"3,82"
09/11/2009,"3,82"
10/11/2009,"3,82"
11/11/2009,"3,81"
12/11/2009,"3,81"
13/11/2009,"3,81"
16/11/2009,"3,81"
17/11/2009,"3,82"
18/11/2009,"3,81"
19/11/2009,"3,81"
20/11/2009,"3,80"
23/11/2009,"3,80"
24/11/2009,"3,80"
25/11/2009,"3,80"
26/11/2009,"3,81"
27/11/2009,"3,81"
30/11/2009,"3,81"
01/12/2009,"3,81"
02/12/2009,"3,81"
03/12/2009,"3,81"
04/12/2009,"3,81"
07/12/2009,"3,81"
09/12/2009,"3,80"
10/12/2009,"3,80"
11/12/2009,"3,80"
14/12/2009,"3,81"
15/12/2009,"3,82"
16/12/2009,"3,81"
17/12/2009,"3,81"
18/12/2009,"3,82"
21/12/2009,"3,81"
22/12/2009,"3,81"
23/12/2009,"3,80"
24/12/2009,"3,79"
28/12/2009,"3,79"
29/12/2009,"3,82"
30/12/2009,"3,82"
31/12/2009,"3,80"
04/01/2010,"3,80"
05/01/2010,"3,80"
06/01/2010,"3,81"
07/01/2010,"3,80"
08/01/2010,"3,80"
11/01/2010,"3,80"
12/01/2010,"3,79"
13/01/2010,"3,80"
14/01/2010,"3,80"
15/01/2010,"3,80"
18/01/2010,"3,80"
19/01/2010,"3,80"
20/01/2010,"3,80"
21/01/2010,"3,81"
22/01/2010,"3,81"
25/01/2010,"3,81"
26/01/2010,"3,81"
27/01/2010,"3,82"
28/01/2010,"3,82"
29/01/2010,"3,82"
01/02/2010,"3,84"
02/02/2010,"3,83"
03/02/2010,"3,83"
04/02/2010,"3,84"
05/02/2010,"3,84"
08/02/2010,"3,84"
09/02/2010,"3,84"
10/02/2010,"3,85"
11/02/2010,"3,85"
12/02/2010,"3,85"
15/02/2010,"3,86"
16/02/2010,"3,86"
17/02/2010,"3,86"
18/02/2010,"3,86"
19/02/2010,"3,86"
22/02/2010,"3,86"
23/02/2010,"3,87"
24/02/2010,"3,86"
25/02/2010,"3,86"
26/02/2010,"3,86"
01/03/2010,"3,86"
02/03/2010,"3,86"
03/03/2010,"3,85"
04/03/2010,"3,86"
05/03/2010,"3,86"
08/03/2010,"3,86"
09/03/2010,"3,86"
10/03/2010,"3,86"
11/03/2010,"3,86"
12/03/2010,"3,86"
15/03/2010,"3,86"
16/03/2010,"3,86"
17/03/2010,"3,86"
18/03/2010,"3,86"
19/03/2010,"3,86"
22/03/2010,"3,86"
23/03/2010,"3,86"
25/03/2010,"3,87"
26/03/2010,"3,87"
29/03/2010,"3,87"
30/03/2010,"3,87"
31/03/2010,"3,88"
05/04/2010,"3,88"
06/04/2010,"3,88"
07/04/2010,"3,88"
08/04/2010,"3,88"
09/04/2010,"3,87"
12/04/2010,"3,88"
13/04/2010,"3,88"
14/04/2010,"3,88"
15/04/2010,"3,87"
16/04/2010,"3,87"
19/04/2010,"3,87"
20/04/2010,"3,87"
21/04/2010,"3,87"
22/04/2010,"3,87"
23/04/2010,"3,87"
26/04/2010,"3,87"
27/04/2010,"3,88"
28/04/2010,"3,88"
29/04/2010,"3,88"
30/04/2010,"3,89"
03/05/2010,"3,89"
04/05/2010,"3,89"
05/05/2010,"3,90"
06/05/2010,"3,90"
07/05/2010,"3,90"
10/05/2010,"3,89"
11/05/2010,"3,90"
12/05/2010,"3,90"
13/05/2010,"3,90"
14/05/2010,"3,90"
17/05/2010,"3,90"
18/05/2010,"3,91"
19/05/2010,"3,91"
20/05/2010,"3,91"
21/05/2010,"3,91"
26/05/2010,"3,91"
27/05/2010,"3,91"
28/05/2010,"3,91"
31/05/2010,"3,93"
01/06/2010,"3,93"
02/06/2010,"3,93"
03/06/2010,"3,92"
04/06/2010,"3,92"
07/06/2010,"3,93"
08/06/2010,"3,92"
09/06/2010,"3,92"
10/06/2010,"3,92"
11/06/2010,"3,92"
14/06/2010,"3,93"
15/06/2010,"3,93"
16/06/2010,"3,93"
17/06/2010,"3,93"
18/06/2010,"3,93"
22/06/2010,"3,93"
23/06/2010,"3,93"
24/06/2010,"3,93"
25/06/2010,"3,93"
28/06/2010,"3,93"
29/06/2010,"3,93"
30/06/2010,"3,93"
01/07/2010,"3,93"
02/07/2010,"3,93"
05/07/2010,"3,94"
06/07/2010,"3,93"
07/07/2010,"3,94"
08/07/2010,"3,94"
12/07/2010,"3,94"
13/07/2010,"3,94"
14/07/2010,"3,93"
15/07/2010,"3,93"
16/07/2010,"3,94"
19/07/2010,"3,93"
20/07/2010,"3,94"
21/07/2010,"3,93"
22/07/2010,"3,93"
23/07/2010,"3,93"
26/07/2010,"3,93"
27/07/2010,"3,93"
28/07/2010,"3,93"
29/07/2010,"3,94"
30/07/2010,"3,94"
02/08/2010,"3,94"
03/08/2010,"3,94"
04/08/2010,"3,93"
05/08/2010,"3,93"
06/08/2010,"3,93"
09/08/2010,"3,93"
10/08/2010,"3,93"
11/08/2010,"3,93"
12/08/2010,"3,93"
13/08/2010,"3,93"
17/08/2010,"3,93"
18/08/2010,"3,93"
19/08/2010,"3,94"
20/08/2010,"3,94"
23/08/2010,"3,94"
24/08/2010,"3,94"
25/08/2010,"3,95"
26/08/2010,"3,94"
27/08/2010,"3,94"
30/08/2010,"3,94"
31/08/2010,"3,95"
01/09/2010,"3,95"
02/09/2010,"3,95"
03/09/2010,"3,94"
06/09/2010,"3,95"
07/09/2010,"3,95"
08/09/2010,"3,95"
09/09/2010,"3,95"
10/09/2010,"3,95"
13/09/2010,"3,95"
14/09/2010,"3,95"
15/09/2010,"3,95"
16/09/2010,"3,95"
17/09/2010,"3,95"
20/09/2010,"3,95"
21/09/2010,"3,95"
22/09/2010,"3,95"
23/09/2010,"3,95"
24/09/2010,"3,96"
27/09/2010,"3,96"
28/09/2010,"3,97"
29/09/2010,"3,97"
30/09/2010,"3,96"
01/10/2010,"3,96"
04/10/2010,"3,96"
05/10/2010,"3,96"
06/10/2010,"3,96"
07/10/2010,"3,96"
08/10/2010,"3,96"
12/10/2010,"3,96"
13/10/2010,"3,95"
14/10/2010,"3,95"
15/10/2010,"3,95"
18/10/2010,"3,96"
19/10/2010,"3,96"
20/10/2010,"3,96"
21/10/2010,"3,96"
22/10/2010,"3,96"
25/10/2010,"3,96"
26/10/2010,"3,96"
28/10/2010,"3,96"
29/10/2010,"3,96"
01/11/2010,"3,96"
02/11/2010,"3,96"
03/11/2010,"3,96"
04/11/2010,"3,96"
05/11/2010,"3,96"
08/11/2010,"3,96"
09/11/2010,"3,96"
10/11/2010,"3,96"
11/11/2010,"3,96"
12/11/2010,"3,96"
15/11/2010,"3,97"
16/11/2010,"3,97"
17/11/2010,"3,98"
18/11/2010,"3,97"
19/11/2010,"3,97"
23/11/2010,"3,97"
24/11/2010,"3,97"
25/11/2010,"3,97"
26/11/2010,"3,98"
29/11/2010,"3,98"
30/11/2010,"3,98"
01/12/2010,"3,99"
02/12/2010,"3,98"
03/12/2010,"3,98"
06/12/2010,"3,98"
07/12/2010,"3,98"
09/12/2010,"3,98"
10/12/2010,"3,98"
13/12/2010,"3,97"
14/12/2010,"3,97"
15/12/2010,"3,97"
16/12/2010,"3,98"
17/12/2010,"3,98"
20/12/2010,"3,97"
21/12/2010,"3,97"
22/12/2010,"3,97"
23/12/2010,"3,98"
27/12/2010,"3,98"
28/12/2010,"3,99"
29/12/2010,"3,98"
30/12/2010,"3,98"
03/01/2011,"3,97"
04/01/2011,"3,97"
05/01/2011,"3,97"
06/01/2011,"3,97"
07/01/2011,"3,97"
10/01/2011,"3,98"
11/01/2011,"3,98"
12/01/2011,"3,98"
13/01/2011,"3,98"
14/01/2011,"3,98"
17/01/2011,"3,98"
18/01/2011,"3,98"
19/01/2011,"3,98"
20/01/2011,"3,98"
21/01/2011,"3,98"
24/01/2011,"3,98"
25/01/2011,"3,99"
26/01/2011,"3,99"
27/01/2011,"3,99"
28/01/2011,"4,00"
31/01/2011,"4,00"
01/02/2011,"4,01"
02/02/2011,"4,01"
03/02/2011,"4,01"
04/02/2011,"4,02"
07/02/2011,"4,02"
08/02/2011,"4,02"
09/02/2011,"4,02"
10/02/2011,"4,02"
11/02/2011,"4,02"
14/02/2011,"4,02"
15/02/2011,"4,02"
16/02/2011,"4,02"
17/02/2011,"4,02"
18/02/2011,"4,02"
21/02/2011,"4,03"
22/02/2011,"4,03"
23/02/2011,"4,03"
24/02/2011,"4,03"
25/02/2011,"4,03"
28/02/2011,"4,03"
01/03/2011,"4,03"
02/03/2011,"4,03"
03/03/2011,"4,03"
04/03/2011,"4,03"
09/03/2011,"4,03"
10/03/2011,"4,03"
11/03/2011,"4,03"
14/03/2011,"4,03"
15/03/2011,"4,03"
16/03/2011,"4,04"
17/03/2011,"4,04"
18/03/2011,"4,04"
21/03/2011,"4,04"
22/03/2011,"4,04"
23/03/2011,"4,04"
28/03/2011,"4,04"
29/03/2011,"4,05"
30/03/2011,"4,05"
31/03/2011,"4,05"
01/04/2011,"4,05"
04/04/2011,"4,05"
05/04/2011,"4,05"
06/04/2011,"4,05"
07/04/2011,"4,05"
08/04/2011,"4,05"
11/04/2011,"4,05"
12/04/2011,"4,05"
13/04/2011,"4,06"
14/04/2011,"4,07"
15/04/2011,"4,07"
18/04/2011,"4,07"
19/04/2011,"4,08"
20/04/2011,"4,08"
25/04/2011,"4,08"
26/04/2011,"4,08"
27/04/2011,"4,08"
28/04/2011,"4,08"
29/04/2011,"4,08"
02/05/2011,"4,08"
03/05/2011,"4,08"
04/05/2011,"4,08"
05/05/2011,"4,08"
06/05/2011,"4,08"
09/05/2011,"4,08"
10/05/2011,"4,08"
11/05/2011,"4,08"
12/05/2011,"4,08"
13/05/2011,"4,08"
16/05/2011,"4,08"
17/05/2011,"4,09"
18/05/2011,"4,09"
19/05/2011,"4,09"
20/05/2011,"4,09"
23/05/2011,"4,09"
24/05/2011,"4,09"
26/05/2011,"4,09"
27/05/2011,"4,09"
30/05/2011,"4,09"
31/05/2011,"4,09"
01/06/2011,"4,09"
02/06/2011,"4,09"
03/06/2011,"4,09"
06/06/2011,"4,09"
07/06/2011,"4,09"
08/06/2011,"4,09"
09/06/2011,"4,09"
10/06/2011,"4,09"
13/06/2011,"4,09"
14/06/2011,"4,09"
15/06/2011,"4,09"
16/06/2011,"4,09"
17/06/2011,"4,09"
21/06/2011,"4,10"
22/06/2011,"4,10"
23/06/2011,"4,10"
24/06/2011,"4,10"
27/06/2011,"4,10"
28/06/2011,"4,10"
29/06/2011,"4,11"
30/06/2011,"4,11"
01/07/2011,"4,11"
04/07/2011,"4,11"
05/07/2011,"4,12"
06/07/2011,"4,12"
07/07/2011,"4,12"
08/07/2011,"4,12"
11/07/2011,"4,12"
12/07/2011,"4,12"
13/07/2011,"4,12"
14/07/2011,"4,12"
15/07/2011,"4,12"
18/07/2011,"4,13"
19/07/2011,"4,13"
20/07/2011,"4,14"
21/07/2011,"4,14"
22/07/2011,"4,14"
25/07/2011,"4,14"
26/07/2011,"4,14"
27/07/2011,"4,14"
28/07/2011,"4,14"
29/07/2011,"4,14"
01/08/2011,"4,15"
02/08/2011,"4,15"
03/08/2011,"4,15"
04/08/2011,"4,15"
05/08/2011,"4,15"
08/08/2011,"4,16"
09/08/2011,"4,16"
10/08/2011,"4,16"
11/08/2011,"4,16"
12/08/2011,"4,16"
15/08/2011,"4,16"
16/08/2011,"4,16"
17/08/2011,"4,17"
18/08/2011,"4,17"
19/08/2011,"4,18"
23/08/2011,"4,18"
24/08/2011,"4,19"
25/08/2011,"4,19"
26/08/2011,"4,19"
29/08/2011,"4,19"
30/08/2011,"4,19"
31/08/2011,"4,20"
01/09/2011,"4,21"
02/09/2011,"4,22"
05/09/2011,"4,21"
06/09/2011,"4,21"
07/09/2011,"4,21"
08/09/2011,"4,21"
09/09/2011,"4,20"
12/09/2011,"4,20"
13/09/2011,"4,20"
14/09/2011,"4,20"
15/09/2011,"4,20"
16/09/2011,"4,20"
19/09/2011,"4,20"
20/09/2011,"4,20"
21/09/2011,"4,19"
22/09/2011,"4,20"
23/09/2011,"4,20"
26/09/2011,"4,20"
27/09/2011,"4,20"
28/09/2011,"4,20"
29/09/2011,"4,20"
30/09/2011,"4,20"
03/10/2011,"4,20"
04/10/2011,"4,20"
05/10/2011,"4,21"
06/10/2011,"4,21"
07/10/2011,"4,21"
11/10/2011,"4,21"
12/10/2011,"4,21"
13/10/2011,"4,21"
14/10/2011,"4,21"
17/10/2011,"4,22"
18/10/2011,"4,22"
19/10/2011,"4,23"
20/10/2011,"4,23"
21/10/2011,"4,23"
24/10/2011,"4,24"
25/10/2011,"4,24"
26/10/2011,"4,24"
27/10/2011,"4,24"
28/10/2011,"4,24"
31/10/2011,"4,24"
01/11/2011,"4,24"
02/11/2011,"4,25"
03/11/2011,"4,25"
04/11/2011,"4,25"
07/11/2011,"4,26"
08/11/2011,"4,26"
09/11/2011,"4,26"
10/11/2011,"4,26"
11/11/2011,"4,26"
14/11/2011,"4,27"
15/11/2011,"4,27"
16/11/2011,"4,26"
17/11/2011,"4,26"
18/11/2011,"4,26"
21/11/2011,"4,26"
22/11/2011,"4,26"
23/11/2011,"4,26"
24/11/2011,"4,26"
25/11/2011,"4,26"
29/11/2011,"4,27"
30/11/2011,"4,28"
01/12/2011,"4,28"
02/12/2011,"4,28"
05/12/2011,"4,29"
06/12/2011,"4,28"
07/12/2011,"4,28"
12/12/2011,"4,28"
13/12/2011,"4,28"
14/12/2011,"4,28"
15/12/2011,"4,28"
16/12/2011,"4,29"
19/12/2011,"4,29"
20/12/2011,"4,29"
21/12/2011,"4,29"
22/12/2011,"4,29"
23/12/2011,"4,29"
27/12/2011,"4,30"
28/12/2011,"4,30"
29/12/2011,"4,30"
30/12/2011,"4,30"
03/01/2012,"4,31"
04/01/2012,"4,30"
05/01/2012,"4,31"
06/01/2012,"4,32"
09/01/2012,"4,32"
10/01/2012,"4,31"
11/01/2012,"4,31"
12/01/2012,"4,31"
13/01/2012,"4,31"
16/01/2012,"4,31"
17/01/2012,"4,32"
18/01/2012,"4,32"
19/01/2012,"4,32"
20/01/2012,"4,32"
23/01/2012,"4,33"
24/01/2012,"4,33"
25/01/2012,"4,34"
26/01/2012,"4,34"
27/01/2012,"4,34"
30/01/2012,"4,33"
31/01/2012,"4,34"
01/02/2012,"4,34"
02/02/2012,"4,33"
03/02/2012,"4,33"
06/02/2012,"4,33"
07/02/2012,"4,34"
08/02/2012,"4,34"
09/02/2012,"4,34"
10/02/2012,"4,35"
13/02/2012,"4,35"
14/02/2012,"4,35"
15/02/2012,"4,35"
16/02/2012,"4,35"
17/02/2012,"4,36"
22/02/2012,"4,36"
23/02/2012,"4,36"
24/02/2012,"4,35"
28/02/2012,"4,36"
29/02/2012,"4,36"
01/03/2012,"4,35"
02/03/2012,"4,34"
05/03/2012,"4,33"
06/03/2012,"4,34"
07/03/2012,"4,34"
08/03/2012,"4,34"
09/03/2012,"4,34"
12/03/2012,"4,35"
13/03/2012,"4,35"
14/03/2012,"4,36"
15/03/2012,"4,36"
16/03/2012,"4,35"
19/03/2012,"4,36"
20/03/2012,"4,36"
21/03/2012,"4,37"
22/03/2012,"4,37"
23/03/2012,"4,37"
26/03/2012,"4,37"
27/03/2012,"4,37"
28/03/2012,"4,37"
29/03/2012,"4,38"
30/03/2012,"4,38"
03/04/2012,"4,38"
04/04/2012,"4,38"
09/04/2012,"4,39"
10/04/2012,"4,38"
11/04/2012,"4,39"
12/04/2012,"4,39"
13/04/2012,"4,39"
16/04/2012,"4,40"
17/04/2012,"4,39"
18/04/2012,"4,40"
19/04/2012,"4,40"
20/04/2012,"4,41"
23/04/2012,"4,41"
24/04/2012,"4,41"
25/04/2012,"4,41"
26/04/2012,"4,41"
27/04/2012,"4,41"
02/05/2012,"4,42"
03/05/2012,"4,43"
04/05/2012,"4,43"
07/05/2012,"4,43"
08/05/2012,"4,44"
09/05/2012,"4,44"
10/05/2012,"4,44"
11/05/2012,"4,44"
14/05/2012,"4,44"
15/05/2012,"4,44"
16/05/2012,"4,44"
17/05/2012,"4,45"
18/05/2012,"4,45"
21/05/2012,"4,46"
22/05/2012,"4,47"
23/05/2012,"4,47"
24/05/2012,"4,47"
28/05/2012,"4,48"
29/05/2012,"4,47"
30/05/2012,"4,47"
31/05/2012,"4,47"
01/06/2012,"4,47"
04/06/2012,"4,47"
05/06/2012,"4,48"
06/06/2012,"4,49"
07/06/2012,"4,49"
08/06/2012,"4,49"
11/06/2012,"4,49"
12/06/2012,"4,49"
13/06/2012,"4,49"
14/06/2012,"4,50"
15/06/2012,"4,50"
18/06/2012,"4,50"
19/06/2012,"4,50"
21/06/2012,"4,51"
22/06/2012,"4,51"
25/06/2012,"4,51"
26/06/2012,"4,52"
27/06/2012,"4,52"
28/06/2012,"4,52"
29/06/2012,"4,53"
02/07/2012,"4,53"
03/07/2012,"4,53"
04/07/2012,"4,53"
05/07/2012,"4,53"
06/07/2012,"4,53"
10/07/2012,"4,54"
11/07/2012,"4,54"
12/07/2012,"4,54"
13/07/2012,"4,55"
16/07/2012,"4,55"
17/07/2012,"4,55"
18/07/2012,"4,55"
19/07/2012,"4,56"
20/07/2012,"4,56"
23/07/2012,"4,57"
24/07/2012,"4,57"
25/07/2012,"4,57"
26/07/2012,"4,57"
27/07/2012,"4,58"
30/07/2012,"4,58"
31/07/2012,"4,58"
01/08/2012,"4,59"
02/08/2012,"4,59"
03/08/2012,"4,59"
06/08/2012,"4,59"
07/08/2012,"4,59"
08/08/2012,"4,60"
09/08/2012,"4,60"
10/08/2012,"4,60"
13/08/2012,"4,60"
14/08/2012,"4,61"
15/08/2012,"4,61"
16/08/2012,"4,61"
17/08/2012,"4,61"
21/08/2012,"4,62"
22/08/2012,"4,62"
23/08/2012,"4,62"
24/08/2012,"4,62"
27/08/2012,"4,63"
28/08/2012,"4,63"
29/08/2012,"4,63"
30/08/2012,"4,63"
31/08/2012,"4,63"
03/09/2012,"4,64"
04/09/2012,"4,64"
05/09/2012,"4,65"
06/09/2012,"4,65"
07/09/2012,"4,66"
10/09/2012,"4,66"
11/09/2012,"4,66"
12/09/2012,"4,66"
13/09/2012,"4,66"
14/09/2012,"4,67"
17/09/2012,"4,67"
18/09/2012,"4,68"
19/09/2012,"4,68"
20/09/2012,"4,68"
21/09/2012,"4,68"
25/09/2012,"4,69"
26/09/2012,"4,69"
27/09/2012,"4,69"
28/09/2012,"4,69"
01/10/2012,"4,70"
02/10/2012,"4,70"
03/10/2012,"4,70"
04/10/2012,"4,70"
05/10/2012,"4,71"
09/10/2012,"4,71"
10/10/2012,"4,71"
11/10/2012,"4,72"
12/10/2012,"4,72"
15/10/2012,"4,73"
16/10/2012,"4,73"
17/10/2012,"4,73"
18/10/2012,"4,73"
19/10/2012,"4,74"
22/10/2012,"4,74"
23/10/2012,"4,74"
24/10/2012,"4,75"
25/10/2012,"4,75"
26/10/2012,"4,75"
29/10/2012,"4,76"
30/10/2012,"4,76"
31/10/2012,"4,77"
01/11/2012,"4,77"
02/11/2012,"4,77"
05/11/2012,"4,77"
07/11/2012,"4,77"
08/11/2012,"4,77"
09/11/2012,"4,78"
12/11/2012,"4,78"
13/11/2012,"4,78"
14/11/2012,"4,79"
15/11/2012,"4,79"
16/11/2012,"4,80"
19/11/2012,"4,80"
20/11/2012,"4,81"
21/11/2012,"4,81"
22/11/2012,"4,82"
23/11/2012,"4,82"
27/11/2012,"4,82"
28/11/2012,"4,83"
29/11/2012,"4,83"
30/11/2012,"4,83"
03/12/2012,"4,84"
04/12/2012,"4,84"
05/12/2012,"4,85"
06/12/2012,"4,85"
07/12/2012,"4,86"
10/12/2012,"4,86"
11/12/2012,"4,87"
12/12/2012,"4,87"
13/12/2012,"4,87"
14/12/2012,"4,88"
17/12/2012,"4,88"
18/12/2012,"4,89"
19/12/2012,"4,89"
20/12/2012,"4,90"
21/12/2012,"4,90"
26/12/2012,"4,91"
27/12/2012,"4,91"
28/12/2012,"4,91"
31/12/2012,"4,92"
02/01/2013,"4,92"
03/01/2013,"4,93"
04/01/2013,"4,93"
07/01/2013,"4,93"
08/01/2013,"4,93"
09/01/2013,"4,94"
10/01/2013,"4,94"
11/01/2013,"4,94"
14/01/2013,"4,95"
15/01/2013,"4,95"
16/01/2013,"4,95"
17/01/2013,"4,95"
18/01/2013,"4,95"
21/01/2013,"4,96"
22/01/2013,"4,96"
23/01/2013,"4,96"
24/01/2013,"4,96"
25/01/2013,"4,96"
28/01/2013,"4,97"
29/01/2013,"4,97"
30/01/2013,"4,98"
01/02/2013,"4,98"
04/02/2013,"4,98"
05/02/2013,"4,98"
06/02/2013,"4,99"
07/02/2013,"4,99"
08/02/2013,"5,00"
13/02/2013,"5,00"
14/02/2013,"5,00"
15/02/2013,"5,01"
18/02/2013,"5,02"
19/02/2013,"5,02"
21/02/2013,"5,03"
22/02/2013,"5,03"
25/02/2013,"5,03"
26/02/2013,"5,04"
27/02/2013,"5,04"
28/02/2013,"5,04"
01/03/2013,"5,05"
04/03/2013,"5,05"
05/03/2013,"5,06"
06/03/2013,"5,06"
07/03/2013,"5,06"
08/03/2013,"5,06"
11/03/2013,"5,07"
12/03/2013,"5,08"
13/03/2013,"5,08"
14/03/2013,"5,08"
15/03/2013,"5,09"
18/03/2013,"5,10"
19/03/2013,"5,10"
20/03/2013,"5,10"
21/03/2013,"5,10"
22/03/2013,"5,11"
25/03/2013,"5,12"
26/03/2013,"5,12"
27/03/2013,"5,12"
03/04/2013,"5,13"
04/04/2013,"5,13"
05/04/2013,"5,14"
08/04/2013,"5,13"
09/04/2013,"5,14"
10/04/2013,"5,14"
11/04/2013,"5,14"
12/04/2013,"5,15"
15/04/2013,"5,15"
16/04/2013,"5,16"
17/04/2013,"5,16"
18/04/2013,"5,16"
19/04/2013,"5,16"
22/04/2013,"5,17"
23/04/2013,"5,17"
24/04/2013,"5,17"
25/04/2013,"5,18"
26/04/2013,"5,18"
29/04/2013,"5,18"
30/04/2013,"5,18"
02/05/2013,"5,19"
03/05/2013,"5,20"
06/05/2013,"5,21"
07/05/2013,"5,21"
08/05/2013,"5,21"
09/05/2013,"5,22"
10/05/2013,"5,23"
13/05/2013,"5,23"
14/05/2013,"5,24"
15/05/2013,"5,24"
16/05/2013,"5,23"
17/05/2013,"5,23"
20/05/2013,"5,24"
21/05/2013,"5,25"
22/05/2013,"5,25"
23/05/2013,"5,26"
24/05/2013,"5,27"
27/05/2013,"5,27"
28/05/2013,"5,27"
29/05/2013,"5,27"
30/05/2013,"5,28"
31/05/2013,"5,28"
03/06/2013,"5,29"
04/06/2013,"5,29"
05/06/2013,"5,29"
06/06/2013,"5,30"
07/06/2013,"5,30"
10/06/2013,"5,31"
11/06/2013,"5,31"
12/06/2013,"5,32"
13/06/2013,"5,33"
14/06/2013,"5,33"
17/06/2013,"5,34"
18/06/2013,"5,34"
19/06/2013,"5,35"
24/06/2013,"5,36"
25/06/2013,"5,36"
26/06/2013,"5,37"
27/06/2013,"5,38"
28/06/2013,"5,39"
01/07/2013,"5,39"
02/07/2013,"5,39"
03/07/2013,"5,40"
04/07/2013,"5,41"
05/07/2013,"5,40"
08/07/2013,"5,41"
10/07/2013,"5,41"
11/07/2013,"5,42"
12/07/2013,"5,42"
15/07/2013,"5,43"
16/07/2013,"5,43"
17/07/2013,"5,44"
18/07/2013,"5,45"
19/07/2013,"5,46"
22/07/2013,"5,46"
23/07/2013,"5,46"
24/07/2013,"5,46"
25/07/2013,"5,47"
26/07/2013,"5,48"
29/07/2013,"5,49"
30/07/2013,"5,50"
31/07/2013,"5,51"
01/08/2013,"5,51"
02/08/2013,"5,52"
05/08/2013,"5,52"
06/08/2013,"5,53"
07/08/2013,"5,53"
08/08/2013,"5,54"
09/08/2013,"5,54"
12/08/2013,"5,55"
13/08/2013,"5,56"
14/08/2013,"5,57"
15/08/2013,"5,57"
16/08/2013,"5,59"
20/08/2013,"5,60"
21/08/2013,"5,60"
22/08/2013,"5,61"
23/08/2013,"5,62"
26/08/2013,"5,63"
27/08/2013,"5,64"
28/08/2013,"5,65"
29/08/2013,"5,66"
30/08/2013,"5,67"
02/09/2013,"5,68"
03/09/2013,"5,69"
04/09/2013,"5,70"
05/09/2013,"5,71"
06/09/2013,"5,70"
09/09/2013,"5,70"
10/09/2013,"5,71"
11/09/2013,"5,72"
12/09/2013,"5,72"
13/09/2013,"5,72"
16/09/2013,"5,73"
17/09/2013,"5,74"
18/09/2013,"5,75"
19/09/2013,"5,76"
20/09/2013,"5,76"
23/09/2013,"5,77"
24/09/2013,"5,77"
25/09/2013,"5,77"
26/09/2013,"5,78"
27/09/2013,"5,79"
30/09/2013,"5,79"
01/10/2013,"5,80"
02/10/2013,"5,80"
03/10/2013,"5,81"
04/10/2013,"5,81"
07/10/2013,"5,82"
08/10/2013,"5,82"
09/10/2013,"5,82"
10/10/2013,"5,83"
11/10/2013,"5,83"
15/10/2013,"5,84"
16/10/2013,"5,84"
17/10/2013,"5,85"
18/10/2013,"5,85"
21/10/2013,"5,86"
22/10/2013,"5,86"
23/10/2013,"5,86"
24/10/2013,"5,87"
25/10/2013,"5,88"
28/10/2013,"5,89"
29/10/2013,"5,89"
30/10/2013,"5,90"
31/10/2013,"5,91"
01/11/2013,"5,92"
04/11/2013,"5,94"
05/11/2013,"5,95"
07/11/2013,"5,94"
08/11/2013,"5,96"
11/11/2013,"5,97"
12/11/2013,"5,97"
13/11/2013,"5,98"
14/11/2013,"5,99"
15/11/2013,"5,99"
18/11/2013,"6,00"
19/11/2013,"6,02"
20/11/2013,"6,04"
21/11/2013,"6,06"
22/11/2013,"6,08"
26/11/2013,"6,09"
27/11/2013,"6,11"
28/11/2013,"6,12"
29/11/2013,"6,14"
02/12/2013,"6,15"
03/12/2013,"6,17"
04/12/2013,"6,20"
05/12/2013,"6,22"
06/12/2013,"6,24"
09/12/2013,"6,25"
10/12/2013,"6,26"
11/12/2013,"6,27"
12/12/2013,"6,28"
13/12/2013,"6,29"
16/12/2013,"6,31"
17/12/2013,"6,33"
18/12/2013,"6,36"
19/12/2013,"6,40"
20/12/2013,"6,42"
23/12/2013,"6,44"
26/12/2013,"6,47"
27/12/2013,"6,49"
30/12/2013,"6,52"
02/01/2014,"6,54"
03/01/2014,"6,56"
06/01/2014,"6,59"
07/01/2014,"6,60"
08/01/2014,"6,60"
09/01/2014,"6,63"
10/01/2014,"6,65"
13/01/2014,"6,69"
14/01/2014,"6,71"
15/01/2014,"6,74"
16/01/2014,"6,77"
17/01/2014,"6,81"
20/01/2014,"6,83"
21/01/2014,"6,88"
22/01/2014,"6,91"
23/01/2014,"7,53"
24/01/2014,"8,02"
27/01/2014,"8,01"
28/01/2014,"8,02"
29/01/2014,"8,02"
30/01/2014,"8,02"
31/01/2014,"8,02"
03/02/2014,"8,02"
04/02/2014,"8,01"
05/02/2014,"7,97"
06/02/2014,"7,91"
07/02/2014,"7,86"
10/02/2014,"7,84"
11/02/2014,"7,82"
12/02/2014,"7,82"
13/02/2014,"7,80"
14/02/2014,"7,78"
17/02/2014,"7,76"
18/02/2014,"7,76"
19/02/2014,"7,77"
20/02/2014,"7,80"
21/02/2014,"7,84"
24/02/2014,"7,86"
25/02/2014,"7,86"
26/02/2014,"7,87"
27/02/2014,"7,89"
28/02/2014,"7,88"
05/03/2014,"7,88"
06/03/2014,"7,88"
07/03/2014,"7,87"
10/03/2014,"7,87"
11/03/2014,"7,87"
12/03/2014,"7,87"
13/03/2014,"7,88"
14/03/2014,"7,90"
17/03/2014,"7,91"
18/03/2014,"7,93"
19/03/2014,"7,95"
20/03/2014,"7,96"
21/03/2014,"7,97"
25/03/2014,"8,00"
26/03/2014,"8,01"
27/03/2014,"8,01"
28/03/2014,"8,00"
31/03/2014,"8,01"
01/04/2014,"8,00"
03/04/2014,"8,00"
04/04/2014,"8,00"
07/04/2014,"8,00"
08/04/2014,"8,00"
09/04/2014,"8,00"
10/04/2014,"8,00"
11/04/2014,"8,00"
14/04/2014,"8,00"
15/04/2014,"8,00"
16/04/2014,"8,00"
21/04/2014,"8,00"
22/04/2014,"8,00"
23/04/2014,"8,00"
24/04/2014,"8,00"
25/04/2014,"8,00"
28/04/2014,"8,00"
29/04/2014,"8,00"
30/04/2014,"8,00"
05/05/2014,"8,00"
06/05/2014,"8,00"
07/05/2014,"8,00"
08/05/2014,"8,00"
09/05/2014,"8,00"
12/05/2014,"8,01"
13/05/2014,"8,02"
14/05/2014,"8,03"
15/05/2014,"8,05"
16/05/2014,"8,06"
19/05/2014,"8,06"
20/05/2014,"8,06"
21/05/2014,"8,06"
22/05/2014,"8,06"
23/05/2014,"8,07"
26/05/2014,"8,07"
27/05/2014,"8,07"
28/05/2014,"8,07"
29/05/2014,"8,08"
30/05/2014,"8,08"
02/06/2014,"8,08"
03/06/2014,"8,09"
04/06/2014,"8,10"
05/06/2014,"8,12"
06/06/2014,"8,14"
09/06/2014,"8,13"
10/06/2014,"8,13"
11/06/2014,"8,13"
12/06/2014,"8,13"
13/06/2014,"8,13"
16/06/2014,"8,14"
17/06/2014,"8,13"
18/06/2014,"8,13"
19/06/2014,"8,13"
23/06/2014,"8,13"
24/06/2014,"8,13"
25/06/2014,"8,13"
26/06/2014,"8,13"
27/06/2014,"8,13"
30/06/2014,"8,13"
01/07/2014,"8,13"
02/07/2014,"8,14"
03/07/2014,"8,14"
04/07/2014,"8,14"
07/07/2014,"8,14"
08/07/2014,"8,14"
10/07/2014,"8,15"
11/07/2014,"8,15"
14/07/2014,"8,15"
15/07/2014,"8,15"
16/07/2014,"8,15"
17/07/2014,"8,16"
18/07/2014,"8,16"
21/07/2014,"8,16"
22/07/2014,"8,16"
23/07/2014,"8,17"
24/07/2014,"8,17"
25/07/2014,"8,18"
28/07/2014,"8,18"
29/07/2014,"8,19"
30/07/2014,"8,20"
31/07/2014,"8,21"
01/08/2014,"8,22"
04/08/2014,"8,25"
05/08/2014,"8,27"
06/08/2014,"8,27"
07/08/2014,"8,27"
08/08/2014,"8,27"
11/08/2014,"8,27"
12/08/2014,"8,27"
13/08/2014,"8,27"
14/08/2014,"8,28"
15/08/2014,"8,28"
19/08/2014,"8,28"
20/08/2014,"8,30"
21/08/2014,"8,35"
22/08/2014,"8,42"
25/08/2014,"8,41"
26/08/2014,"8,41"
27/08/2014,"8,41"
28/08/2014,"8,41"
29/08/2014,"8,40"
01/09/2014,"8,41"
02/09/2014,"8,41"
03/09/2014,"8,41"
04/09/2014,"8,40"
05/09/2014,"8,41"
08/09/2014,"8,42"
09/09/2014,"8,41"
10/09/2014,"8,40"
11/09/2014,"8,40"
12/09/2014,"8,40"
15/09/2014,"8,40"
16/09/2014,"8,40"
17/09/2014,"8,41"
18/09/2014,"8,42"
19/09/2014,"8,42"
22/09/2014,"8,43"
23/09/2014,"8,43"
24/09/2014,"8,43"
25/09/2014,"8,43"
26/09/2014,"8,44"
29/09/2014,"8,46"
30/09/2014,"8,46"
01/10/2014,"8,45"
02/10/2014,"8,45"
03/10/2014,"8,46"
06/10/2014,"8,46"
07/10/2014,"8,47"
08/10/2014,"8,46"
09/10/2014,"8,47"
10/10/2014,"8,48"
14/10/2014,"8,48"
15/10/2014,"8,48"
16/10/2014,"8,48"
17/10/2014,"8,48"
20/10/2014,"8,48"
21/10/2014,"8,50"
22/10/2014,"8,49"
23/10/2014,"8,49"
24/10/2014,"8,49"
27/10/2014,"8,50"
28/10/2014,"8,50"
29/10/2014,"8,50"
30/10/2014,"8,50"
31/10/2014,"8,50"
03/11/2014,"8,51"
04/11/2014,"8,51"
05/11/2014,"8,51"
07/11/2014,"8,51"
10/11/2014,"8,51"
11/11/2014,"8,51"
12/11/2014,"8,51"
13/11/2014,"8,51"
14/11/2014,"8,51"
17/11/2014,"8,51"
18/11/2014,"8,51"
19/11/2014,"8,51"
20/11/2014,"8,51"
21/11/2014,"8,52"
25/11/2014,"8,52"
26/11/2014,"8,52"
27/11/2014,"8,53"
28/11/2014,"8,53"
01/12/2014,"8,53"
02/12/2014,"8,54"
03/12/2014,"8,54"
04/12/2014,"8,54"
05/12/2014,"8,55"
09/12/2014,"8,56"
10/12/2014,"8,55"
11/12/2014,"8,55"
12/12/2014,"8,55"
15/12/2014,"8,55"
16/12/2014,"8,55"
17/12/2014,"8,55"
18/12/2014,"8,55"
19/12/2014,"8,55"
22/12/2014,"8,55"
23/12/2014,"8,55"
24/12/2014,"8,55"
29/12/2014,"8,55"
30/12/2014,"8,55"
02/01/2015,"8,55"
05/01/2015,"8,56"
06/01/2015,"8,57"
07/01/2015,"8,58"
08/01/2015,"8,59"
09/01/2015,"8,59"
12/01/2015,"8,59"
13/01/2015,"8,59"
14/01/2015,"8,60"
15/01/2015,"8,60"
16/01/2015,"8,60"
19/01/2015,"8,60"
20/01/2015,"8,61"
21/01/2015,"8,61"
22/01/2015,"8,62"
23/01/2015,"8,63"
26/01/2015,"8,63"
27/01/2015,"8,63"
28/01/2015,"8,63"
29/01/2015,"8,63"
30/01/2015,"8,64"
02/02/2015,"8,65"
03/02/2015,"8,66"
04/02/2015,"8,66"
05/02/2015,"8,66"
06/02/2015,"8,66"
09/02/2015,"8,66"
10/02/2015,"8,67"
11/02/2015,"8,68"
12/02/2015,"8,68"
13/02/2015,"8,68"
18/02/2015,"8,69"
19/02/2015,"8,69"
20/02/2015,"8,70"
23/02/2015,"8,71"
24/02/2015,"8,72"
25/02/2015,"8,72"
26/02/2015,"8,73"
27/02/2015,"8,72"
02/03/2015,"8,73"
03/03/2015,"8,74"
04/03/2015,"8,74"
05/03/2015,"8,75"
06/03/2015,"8,76"
09/03/2015,"8,76"
10/03/2015,"8,77"
11/03/2015,"8,77"
12/03/2015,"8,78"
13/03/2015,"8,78"
16/03/2015,"8,78"
17/03/2015,"8,79"
18/03/2015,"8,79"
19/03/2015,"8,79"
20/03/2015,"8,80"
25/03/2015,"8,80"
26/03/2015,"8,80"
27/03/2015,"8,81"
30/03/2015,"8,82"
31/03/2015,"8,82"
01/04/2015,"8,83"
06/04/2015,"8,83"
07/04/2015,"8,83"
08/04/2015,"8,84"
09/04/2015,"8,84"
10/04/2015,"8,85"
13/04/2015,"8,85"
14/04/2015,"8,86"
15/04/2015,"8,86"
16/04/2015,"8,87"
17/04/2015,"8,87"
20/04/2015,"8,87"
21/04/2015,"8,87"
22/04/2015,"8,88"
23/04/2015,"8,88"
24/04/2015,"8,89"
27/04/2015,"8,89"
28/04/2015,"8,90"
29/04/2015,"8,90"
30/04/2015,"8,90"
04/05/2015,"8,91"
05/05/2015,"8,91"
06/05/2015,"8,92"
07/05/2015,"8,92"
08/05/2015,"8,93"
11/05/2015,"8,93"
12/05/2015,"8,94"
13/05/2015,"8,94"
14/05/2015,"8,94"
15/05/2015,"8,95"
18/05/2015,"8,95"
19/05/2015,"8,96"
20/05/2015,"8,96"
21/05/2015,"8,97"
22/05/2015,"8,97"
26/05/2015,"8,97"
27/05/2015,"8,98"
28/05/2015,"8,98"
29/05/2015,"8,99"
01/06/2015,"9,00"
02/06/2015,"9,00"
03/06/2015,"9,01"
04/06/2015,"9,01"
05/06/2015,"9,01"
08/06/2015,"9,02"
09/06/2015,"9,02"
10/06/2015,"9,03"
11/06/2015,"9,03"
12/06/2015,"9,04"
15/06/2015,"9,04"
16/06/2015,"9,05"
17/06/2015,"9,05"
18/06/2015,"9,05"
19/06/2015,"9,06"
22/06/2015,"9,06"
23/06/2015,"9,06"
24/06/2015,"9,07"
25/06/2015,"9,07"
26/06/2015,"9,08"
29/06/2015,"9,08"
30/06/2015,"9,09"
01/07/2015,"9,09"
02/07/2015,"9,10"
03/07/2015,"9,10"
06/07/2015,"9,11"
07/07/2015,"9,11"
08/07/2015,"9,12"
10/07/2015,"9,12"
13/07/2015,"9,13"
14/07/2015,"9,13"
15/07/2015,"9,14"
16/07/2015,"9,14"
17/07/2015,"9,15"
20/07/2015,"9,15"
21/07/2015,"9,15"
22/07/2015,"9,16"
23/07/2015,"9,16"
24/07/2015,"9,17"
27/07/2015,"9,17"
28/07/2015,"9,18"
29/07/2015,"9,18"
30/07/2015,"9,18"
31/07/2015,"9,19"
03/08/2015,"9,19"
04/08/2015,"9,20"
05/08/2015,"9,20"
06/08/2015,"9,21"
07/08/2015,"9,21"
10/08/2015,"9,22"
11/08/2015,"9,22"
12/08/2015,"9,23"
13/08/2015,"9,24"
14/08/2015,"9,24"
18/08/2015,"9,25"
19/08/2015,"9,25"
20/08/2015,"9,26"
21/08/2015,"9,26"
24/08/2015,"9,27"
25/08/2015,"9,27"
26/08/2015,"9,28"
27/08/2015,"9,28"
28/08/2015,"9,29"
31/08/2015,"9,30"
01/09/2015,"9,30"
02/09/2015,"9,31"
03/09/2015,"9,32"
04/09/2015,"9,32"
07/09/2015,"9,33"
08/09/2015,"9,33"
09/09/2015,"9,34"
10/09/2015,"9,35"
11/09/2015,"9,35"
14/09/2015,"9,36"
15/09/2015,"9,36"
16/09/2015,"9,37"
17/09/2015,"9,38"
18/09/2015,"9,38"
21/09/2015,"9,39"
22/09/2015,"9,39"
23/09/2015,"9,40"
24/09/2015,"9,40"
25/09/2015,"9,41"
28/09/2015,"9,41"
29/09/2015,"9,41"
30/09/2015,"9,42"
01/10/2015,"9,43"
02/10/2015,"9,44"
05/10/2015,"9,44"
06/10/2015,"9,45"
07/10/2015,"9,45"
08/10/2015,"9,46"
09/10/2015,"9,47"
13/10/2015,"9,47"
14/10/2015,"9,48"
15/10/2015,"9,48"
16/10/2015,"9,49"
19/10/2015,"9,50"
20/10/2015,"9,50"
21/10/2015,"9,51"
22/10/2015,"9,51"
23/10/2015,"9,52"
26/10/2015,"9,53"
27/10/2015,"9,53"
28/10/2015,"9,54"
29/10/2015,"9,54"
30/10/2015,"9,55"
02/11/2015,"9,55"
03/11/2015,"9,56"
04/11/2015,"9,57"
05/11/2015,"9,58"
09/11/2015,"9,59"
10/11/2015,"9,59"
11/11/2015,"9,60"
12/11/2015,"9,61"
13/11/2015,"9,62"
16/11/2015,"9,63"
17/11/2015,"9,64"
18/11/2015,"9,65"
19/11/2015,"9,66"
20/11/2015,"9,67"
23/11/2015,"9,67"
24/11/2015,"9,67"
25/11/2015,"9,68"
26/11/2015,"9,68"
30/11/2015,"9,69"
01/12/2015,"9,70"
02/12/2015,"9,71"
03/12/2015,"9,72"
04/12/2015,"9,73"
09/12/2015,"9,74"
10/12/2015,"9,75"
11/12/2015,"9,77"
14/12/2015,"9,79"
15/12/2015,"9,81"
16/12/2015,"9,83"
17/12/2015,"13,76"
18/12/2015,"13,42"
21/12/2015,"12,81"
22/12/2015,"12,94"
23/12/2015,"13,04"
24/12/2015,"13,05"
28/12/2015,"13,06"
29/12/2015,"12,97"
30/12/2015,"12,98"
31/12/2015,"13,01"
04/01/2016,"13,07"
05/01/2016,"13,46"
06/01/2016,"13,84"
07/01/2016,"13,94"
08/01/2016,"13,87"
11/01/2016,"13,87"
12/01/2016,"13,58"
13/01/2016,"13,56"
14/01/2016,"13,46"
15/01/2016,"13,44"
18/01/2016,"13,51"
19/01/2016,"13,49"
20/01/2016,"13,45"
21/01/2016,"13,55"
22/01/2016,"13,72"
25/01/2016,"13,78"
26/01/2016,"13,84"
27/01/2016,"13,89"
28/01/2016,"13,89"
29/01/2016,"13,90"
01/02/2016,"14,09"
02/02/2016,"14,14"
03/02/2016,"14,14"
04/02/2016,"14,19"
05/02/2016,"14,31"
10/02/2016,"14,47"
11/02/2016,"14,56"
12/02/2016,"14,73"
15/02/2016,"14,77"
16/02/2016,"14,85"
17/02/2016,"14,91"
18/02/2016,"15,03"
19/02/2016,"15,03"
22/02/2016,"15,09"
23/02/2016,"15,42"
24/02/2016,"15,35"
25/02/2016,"15,37"
26/02/2016,"15,44"
29/02/2016,"15,58"
01/03/2016,"15,92"
02/03/2016,"15,69"
03/03/2016,"15,45"
04/03/2016,"15,20"
07/03/2016,"15,34"
08/03/2016,"15,44"
09/03/2016,"15,36"
10/03/2016,"15,34"
11/03/2016,"15,12"
14/03/2016,"14,80"
15/03/2016,"14,61"
16/03/2016,"14,51"
17/03/2016,"14,63"
18/03/2016,"14,82"
21/03/2016,"14,58"
22/03/2016,"14,25"
23/03/2016,"14,43"
28/03/2016,"14,64"
29/03/2016,"14,88"
30/03/2016,"14,62"
31/03/2016,"14,58"
01/04/2016,"14,70"
04/04/2016,"14,78"
05/04/2016,"14,68"
06/04/2016,"14,69"
07/04/2016,"14,53"
08/04/2016,"14,43"
11/04/2016,"14,51"
12/04/2016,"14,54"
13/04/2016,"14,42"
14/04/2016,"14,37"
15/04/2016,"14,30"
18/04/2016,"14,14"
19/04/2016,"14,14"
20/04/2016,"14,24"
21/04/2016,"14,36"
22/04/2016,"14,46"
25/04/2016,"14,33"
26/04/2016,"14,31"
27/04/2016,"14,24"
28/04/2016,"14,17"
29/04/2016,"14,26"
02/05/2016,"14,26"
03/05/2016,"14,21"
04/05/2016,"14,21"
05/05/2016,"14,25"
06/05/2016,"14,24"
09/05/2016,"14,22"
10/05/2016,"14,23"
11/05/2016,"14,22"
12/05/2016,"14,20"
13/05/2016,"14,16"
16/05/2016,"14,15"
17/05/2016,"14,13"
18/05/2016,"14,11"
19/05/2016,"14,12"
20/05/2016,"14,08"
23/05/2016,"14,01"
24/05/2016,"14,02"
26/05/2016,"14,09"
27/05/2016,"13,99"
30/05/2016,"13,96"
31/05/2016,"14,01"
01/06/2016,"13,95"
02/06/2016,"13,93"
03/06/2016,"13,88"
06/06/2016,"13,78"
07/06/2016,"13,80"
08/06/2016,"13,84"
09/06/2016,"13,85"
10/06/2016,"13,82"
13/06/2016,"13,80"
14/06/2016,"13,77"
15/06/2016,"13,76"
16/06/2016,"13,79"
21/06/2016,"13,88"
22/06/2016,"14,03"
23/06/2016,"14,19"
24/06/2016,"14,84"
27/06/2016,"15,03"
28/06/2016,"15,06"
29/06/2016,"14,90"
30/06/2016,"14,92"
01/07/2016,"15,12"
04/07/2016,"15,07"
05/07/2016,"15,02"
06/07/2016,"14,76"
07/07/2016,"14,69"
11/07/2016,"14,71"
12/07/2016,"14,60"
13/07/2016,"14,57"
14/07/2016,"14,62"
15/07/2016,"14,86"
18/07/2016,"15,06"
19/07/2016,"15,19"
20/07/2016,"15,00"
21/07/2016,"15,04"
22/07/2016,"14,95"
25/07/2016,"14,93"
26/07/2016,"14,96"
27/07/2016,"14,98"
28/07/2016,"15,03"
29/07/2016,"15,04"
01/08/2016,"14,99"
02/08/2016,"14,85"
03/08/2016,"14,87"
04/08/2016,"14,88"
05/08/2016,"14,85"
08/08/2016,"14,79"
09/08/2016,"14,77"
10/08/2016,"14,75"
11/08/2016,"14,66"
12/08/2016,"14,65"
16/08/2016,"14,67"
17/08/2016,"14,70"
18/08/2016,"14,85"
19/08/2016,"14,94"
22/08/2016,"14,90"
23/08/2016,"14,83"
24/08/2016,"14,87"
25/08/2016,"14,88"
26/08/2016,"14,93"
29/08/2016,"15,06"
30/08/2016,"15,10"
31/08/2016,"14,90"
01/09/2016,"14,88"
02/09/2016,"14,90"
05/09/2016,"15,00"
06/09/2016,"15,01"
07/09/2016,"15,03"
08/09/2016,"15,07"
09/09/2016,"15,06"
12/09/2016,"14,99"
13/09/2016,"14,91"
14/09/2016,"15,03"
15/09/2016,"15,04"
16/09/2016,"15,09"
19/09/2016,"15,15"
20/09/2016,"15,16"
21/09/2016,"15,14"
22/09/2016,"15,17"
23/09/2016,"15,16"
26/09/2016,"15,21"
27/09/2016,"15,27"
28/09/2016,"15,31"
29/09/2016,"15,40"
30/09/2016,"15,26"
03/10/2016,"15,23"
04/10/2016,"15,18"
05/10/2016,"15,18"
06/10/2016,"15,22"
07/10/2016,"15,21"
11/10/2016,"15,19"
12/10/2016,"15,15"
13/10/2016,"15,12"
14/10/2016,"15,12"
17/10/2016,"15,21"
18/10/2016,"15,20"
19/10/2016,"15,21"
20/10/2016,"15,18"
21/10/2016,"15,15"
24/10/2016,"15,12"
25/10/2016,"15,19"
26/10/2016,"15,22"
27/10/2016,"15,18"
28/10/2016,"15,19"
31/10/2016,"15,17"
01/11/2016,"15,13"
02/11/2016,"15,08"
03/11/2016,"15,13"
04/11/2016,"15,07"
07/11/2016,"15,04"
08/11/2016,"15,04"
09/11/2016,"15,02"
10/11/2016,"15,02"
11/11/2016,"15,22"
14/11/2016,"15,53"
15/11/2016,"15,54"
16/11/2016,"15,55"
17/11/2016,"15,47"
18/11/2016,"15,48"
21/11/2016,"15,40"
22/11/2016,"15,41"
23/11/2016,"15,53"
24/11/2016,"15,53"
25/11/2016,"15,54"
29/11/2016,"15,57"
30/11/2016,"15,84"
01/12/2016,"15,87"
02/12/2016,"15,88"
05/12/2016,"15,94"
06/12/2016,"15,87"
07/12/2016,"15,96"
12/12/2016,"16,04"
13/12/2016,"16,02"
14/12/2016,"15,91"
15/12/2016,"16,00"
16/12/2016,"15,95"
19/12/2016,"15,86"
20/12/2016,"15,83"
21/12/2016,"15,86"
22/12/2016,"15,77"
23/12/2016,"15,60"
26/12/2016,"15,55"
27/12/2016,"15,52"
28/12/2016,"15,57"
29/12/2016,"15,73"
30/12/2016,"15,85"
02/01/2017,"15,92"
03/01/2017,"15,90"
04/01/2017,"16,05"
05/01/2017,"15,99"
06/01/2017,"15,85"
09/01/2017,"15,81"
10/01/2017,"15,87"
11/01/2017,"15,86"
12/01/2017,"15,82"
13/01/2017,"15,84"
16/01/2017,"15,87"
17/01/2017,"15,88"
18/01/2017,"15,95"
19/01/2017,"15,98"
20/01/2017,"15,86"
23/01/2017,"15,92"
24/01/2017,"15,96"
25/01/2017,"15,93"
26/01/2017,"15,94"
27/01/2017,"15,89"
30/01/2017,"15,94"
31/01/2017,"15,91"
01/02/2017,"15,84"
02/02/2017,"15,72"
03/02/2017,"15,65"
06/02/2017,"15,62"
07/02/2017,"15,72"
08/02/2017,"15,69"
09/02/2017,"15,63"
10/02/2017,"15,55"
13/02/2017,"15,53"
14/02/2017,"15,48"
15/02/2017,"15,46"
16/02/2017,"15,37"
17/02/2017,"15,58"
20/02/2017,"15,72"
21/02/2017,"15,66"
22/02/2017,"15,54"
23/02/2017,"15,57"
24/02/2017,"15,46"
01/03/2017,"15,48"
02/03/2017,"15,39"
03/03/2017,"15,45"
06/03/2017,"15,44"
07/03/2017,"15,50"
08/03/2017,"15,59"
09/03/2017,"15,63"
10/03/2017,"15,48"
13/03/2017,"15,52"
14/03/2017,"15,54"
15/03/2017,"15,55"
16/03/2017,"15,53"
17/03/2017,"15,53"
20/03/2017,"15,67"
21/03/2017,"15,64"
22/03/2017,"15,58"
23/03/2017,"15,63"
27/03/2017,"15,61"
28/03/2017,"15,54"
29/03/2017,"15,47"
30/03/2017,"15,40"
31/03/2017,"15,38"
03/04/2017,"15,42"
04/04/2017,"15,38"
05/04/2017,"15,35"
06/04/2017,"15,41"
07/04/2017,"15,37"
10/04/2017,"15,33"
11/04/2017,"15,24"
12/04/2017,"15,17"
17/04/2017,"15,21"
18/04/2017,"15,23"
19/04/2017,"15,42"
20/04/2017,"15,40"
21/04/2017,"15,39"
24/04/2017,"15,42"
25/04/2017,"15,41"
26/04/2017,"15,44"
27/04/2017,"15,45"
28/04/2017,"15,43"
02/05/2017,"15,33"
03/05/2017,"15,27"
04/05/2017,"15,37"
05/05/2017,"15,34"
08/05/2017,"15,39"
09/05/2017,"15,55"
10/05/2017,"15,53"
11/05/2017,"15,46"
12/05/2017,"15,41"
15/05/2017,"15,48"
16/05/2017,"15,59"
17/05/2017,"15,62"
18/05/2017,"15,91"
19/05/2017,"15,89"
22/05/2017,"16,07"
23/05/2017,"16,10"
24/05/2017,"16,10"
26/05/2017,"16,04"
29/05/2017,"16,01"
30/05/2017,"16,07"
31/05/2017,"16,14"
01/06/2017,"16,06"
02/06/2017,"16,03"
05/06/2017,"16,03"
06/06/2017,"16,01"
07/06/2017,"16,01"
08/06/2017,"15,99"
09/06/2017,"15,90"
12/06/2017,"15,93"
13/06/2017,"15,89"
14/06/2017,"15,85"
15/06/2017,"15,92"
16/06/2017,"16,01"
19/06/2017,"16,07"
21/06/2017,"16,36"
22/06/2017,"16,19"
23/06/2017,"16,13"
26/06/2017,"16,24"
27/06/2017,"16,39"
28/06/2017,"16,37"
29/06/2017,"16,48"
30/06/2017,"16,60"
03/07/2017,"16,68"
04/07/2017,"16,87"
05/07/2017,"17,00"
06/07/2017,"17,15"
07/07/2017,"16,97"
10/07/2017,"16,99"
11/07/2017,"16,99"
12/07/2017,"16,97"
13/07/2017,"16,95"
14/07/2017,"16,87"
17/07/2017,"16,88"
18/07/2017,"17,03"
19/07/2017,"17,31"
20/07/2017,"17,13"
21/07/2017,"17,34"
24/07/2017,"17,54"
25/07/2017,"17,41"
26/07/2017,"17,47"
27/07/2017,"17,56"
28/07/2017,"17,76"
31/07/2017,"17,67"
01/08/2017,"17,61"
02/08/2017,"17,56"
03/08/2017,"17,64"
04/08/2017,"17,65"
07/08/2017,"17,70"
08/08/2017,"17,71"
09/08/2017,"17,78"
10/08/2017,"17,73"
11/08/2017,"17,71"
14/08/2017,"17,15"
15/08/2017,"17,06"
16/08/2017,"17,11"
17/08/2017,"17,27"
18/08/2017,"17,28"
22/08/2017,"17,23"
23/08/2017,"17,22"
24/08/2017,"17,18"
25/08/2017,"17,22"
28/08/2017,"17,22"
29/08/2017,"17,31"
30/08/2017,"17,44"
31/08/2017,"17,37"
01/09/2017,"17,24"
04/09/2017,"17,24"
05/09/2017,"17,26"
06/09/2017,"17,22"
07/09/2017,"17,22"
08/09/2017,"17,21"
11/09/2017,"17,20"
12/09/2017,"17,11"
13/09/2017,"17,06"
14/09/2017,"17,01"
15/09/2017,"16,97"
18/09/2017,"17,06"
19/09/2017,"17,20"
20/09/2017,"17,15"
21/09/2017,"17,28"
22/09/2017,"17,30"
25/09/2017,"17,41"
26/09/2017,"17,61"
27/09/2017,"17,57"
28/09/2017,"17,56"
29/09/2017,"17,32"
02/10/2017,"17,35"
03/10/2017,"17,43"
04/10/2017,"17,36"
05/10/2017,"17,34"
06/10/2017,"17,51"
09/10/2017,"17,47"
10/10/2017,"17,44"
11/10/2017,"17,43"
12/10/2017,"17,43"
13/10/2017,"17,36"
17/10/2017,"17,38"
18/10/2017,"17,33"
19/10/2017,"17,40"
20/10/2017,"17,47"
23/10/2017,"17,32"
24/10/2017,"17,50"
25/10/2017,"17,45"
26/10/2017,"17,53"
27/10/2017,"17,68"
30/10/2017,"17,66"
31/10/2017,"17,67"
01/11/2017,"17,65"
02/11/2017,"17,57"
03/11/2017,"17,56"
07/11/2017,"17,67"
08/11/2017,"17,56"
09/11/2017,"17,54"
10/11/2017,"17,52"
13/11/2017,"17,54"
14/11/2017,"17,49"
15/11/2017,"17,53"
16/11/2017,"17,49"
17/11/2017,"17,49"
21/11/2017,"17,51"
22/11/2017,"17,47"
23/11/2017,"17,42"
24/11/2017,"17,37"
27/11/2017,"17,33"
28/11/2017,"17,33"
29/11/2017,"17,42"
30/11/2017,"17,38"
01/12/2017,"17,26"
04/12/2017,"17,26"
05/12/2017,"17,35"
06/12/2017,"17,29"
07/12/2017,"17,31"
11/12/2017,"17,27"
12/12/2017,"17,26"
13/12/2017,"17,32"
14/12/2017,"17,36"
15/12/2017,"17,55"
18/12/2017,"17,56"
19/12/2017,"17,57"
20/12/2017,"17,78"
21/12/2017,"17,87"
22/12/2017,"18,01"
26/12/2017,"18,25"
27/12/2017,"18,44"
28/12/2017,"18,83"
29/12/2017,"18,77"
02/01/2018,"18,55"
03/01/2018,"18,42"
04/01/2018,"18,61"
05/01/2018,"18,86"
08/01/2018,"19,07"
09/01/2018,"19,05"
10/01/2018,"18,72"
11/01/2018,"18,65"
12/01/2018,"18,72"
15/01/2018,"18,72"
16/01/2018,"18,83"
17/01/2018,"18,89"
18/01/2018,"18,85"
19/01/2018,"18,96"
22/01/2018,"19,07"
23/01/2018,"19,32"
24/01/2018,"19,53"
25/01/2018,"19,49"
26/01/2018,"19,52"
29/01/2018,"19,57"
30/01/2018,"19,60"
31/01/2018,"19,65"
01/02/2018,"19,47"
02/02/2018,"19,50"
05/02/2018,"19,53"
06/02/2018,"19,69"
07/02/2018,"19,62"
08/02/2018,"19,84"
09/02/2018,"20,13"
14/02/2018,"20,03"
15/02/2018,"19,74"
16/02/2018,"19,67"
19/02/2018,"19,84"
20/02/2018,"19,94"
21/02/2018,"19,92"
22/02/2018,"19,94"
23/02/2018,"19,97"
26/02/2018,"20,04"
27/02/2018,"20,16"
28/02/2018,"20,12"
01/03/2018,"20,16"
02/03/2018,"20,23"
05/03/2018,"20,29"
06/03/2018,"20,20"
07/03/2018,"20,35"
08/03/2018,"20,39"
09/03/2018,"20,27"
12/03/2018,"20,22"
13/03/2018,"20,19"
14/03/2018,"20,19"
15/03/2018,"20,27"
16/03/2018,"20,29"
19/03/2018,"20,25"
20/03/2018,"20,24"
21/03/2018,"20,28"
22/03/2018,"20,25"
23/03/2018,"20,21"
26/03/2018,"20,16"
27/03/2018,"20,16"
28/03/2018,"20,14"
03/04/2018,"20,16"
04/04/2018,"20,20"
05/04/2018,"20,18"
06/04/2018,"20,21"
09/04/2018,"20,19"
10/04/2018,"20,19"
11/04/2018,"20,16"
12/04/2018,"20,17"
13/04/2018,"20,21"
16/04/2018,"20,22"
17/04/2018,"20,18"
18/04/2018,"20,15"
19/04/2018,"20,16"
20/04/2018,"20,19"
23/04/2018,"20,25"
24/04/2018,"20,25"
25/04/2018,"20,26"
26/04/2018,"20,45"
27/04/2018,"20,69"
02/05/2018,"20,97"
03/05/2018,"21,75"
04/05/2018,"21,70"
07/05/2018,"21,83"
08/05/2018,"22,76"
09/05/2018,"22,57"
10/05/2018,"22,63"
11/05/2018,"23,23"
14/05/2018,"24,77"
15/05/2018,"24,80"
16/05/2018,"24,04"
17/05/2018,"24,33"
18/05/2018,"24,60"
21/05/2018,"24,27"
22/05/2018,"24,36"
23/05/2018,"24,44"
24/05/2018,"24,56"
28/05/2018,"24,70"
29/05/2018,"24,90"
30/05/2018,"24,91"
31/05/2018,"24,95"
01/06/2018,"24,96"
04/06/2018,"24,96"
05/06/2018,"24,97"
06/06/2018,"24,92"
07/06/2018,"24,97"
08/06/2018,"25,47"
11/06/2018,"25,43"
12/06/2018,"25,86"
13/06/2018,"25,73"
14/06/2018,"27,06"
15/06/2018,"27,88"
18/06/2018,"27,90"
19/06/2018,"27,71"
21/06/2018,"27,55"
22/06/2018,"27,20"
25/06/2018,"27,02"
26/06/2018,"27,12"
27/06/2018,"27,30"
28/06/2018,"27,81"
29/06/2018,"28,86"
02/07/2018,"28,72"
03/07/2018,"27,94"
04/07/2018,"28,03"
05/07/2018,"28,17"
06/07/2018,"28,08"
10/07/2018,"27,56"
11/07/2018,"27,46"
12/07/2018,"27,15"
13/07/2018,"27,25"
16/07/2018,"27,30"
17/07/2018,"27,49"
18/07/2018,"27,64"
19/07/2018,"27,74"
20/07/2018,"27,65"
23/07/2018,"27,63"
24/07/2018,"27,49"
25/07/2018,"27,36"
26/07/2018,"27,44"
27/07/2018,"27,35"
30/07/2018,"27,34"
31/07/2018,"27,34"
01/08/2018,"27,51"
02/08/2018,"27,60"
03/08/2018,"27,38"
06/08/2018,"27,37"
07/08/2018,"27,27"
08/08/2018,"27,52"
09/08/2018,"27,97"
10/08/2018,"29,20"
13/08/2018,"30,01"
14/08/2018,"29,42"
15/08/2018,"30,01"
16/08/2018,"29,81"
17/08/2018,"29,79"
21/08/2018,"29,97"
22/08/2018,"30,20"
23/08/2018,"30,20"
24/08/2018,"30,57"
27/08/2018,"30,92"
28/08/2018,"31,35"
29/08/2018,"31,94"
30/08/2018,"39,61"
31/08/2018,"37,13"
03/09/2018,"38,03"
04/09/2018,"39,23"
05/09/2018,"38,81"
06/09/2018,"37,69"
07/09/2018,"36,99"
10/09/2018,"37,39"
11/09/2018,"37,92"
12/09/2018,"37,87"
13/09/2018,"38,71"
14/09/2018,"39,71"
17/09/2018,"39,58"
18/09/2018,"39,73"
19/09/2018,"39,46"
20/09/2018,"38,31"
21/09/2018,"37,58"
24/09/2018,"37,30"
25/09/2018,"38,40"
26/09/2018,"38,69"
27/09/2018,"39,51"
28/09/2018,"40,90"
01/10/2018,"40,34"
02/10/2018,"38,16"
03/10/2018,"37,61"
04/10/2018,"38,52"
05/10/2018,"38,02"
08/10/2018,"37,55"
09/10/2018,"37,25"
10/10/2018,"37,29"
11/10/2018,"36,92"
12/10/2018,"36,24"
16/10/2018,"36,36"
17/10/2018,"36,30"
18/10/2018,"36,41"
19/10/2018,"36,55"
22/10/2018,"36,42"
23/10/2018,"36,77"
24/10/2018,"36,54"
25/10/2018,"36,79"
26/10/2018,"36,79"
29/10/2018,"36,79"
30/10/2018,"36,83"
31/10/2018,"36,20"
01/11/2018,"35,74"
02/11/2018,"35,59"
05/11/2018,"35,55"
07/11/2018,"35,76"
08/11/2018,"35,61"
09/11/2018,"35,49"
12/11/2018,"35,51"
13/11/2018,"35,89"
14/11/2018,"36,12"
15/11/2018,"36,07"
16/11/2018,"35,98"
20/11/2018,"36,26"
21/11/2018,"36,27"
22/11/2018,"36,43"
23/11/2018,"36,89"
26/11/2018,"38,16"
27/11/2018,"38,88"
28/11/2018,"38,53"
29/11/2018,"38,02"
03/12/2018,"36,89"
04/12/2018,"37,06"
05/12/2018,"37,94"
06/12/2018,"37,86"
07/12/2018,"37,36"
10/12/2018,"37,70"
11/12/2018,"37,65"
12/12/2018,"37,64"
13/12/2018,"37,80"
14/12/2018,"38,17"
17/12/2018,"38,32"
18/12/2018,"38,21"
19/12/2018,"38,30"
20/12/2018,"38,07"
21/12/2018,"38,08"
26/12/2018,"38,51"
27/12/2018,"38,57"
28/12/2018,"37,81"
02/01/2019,"37,93"
03/01/2019,"37,55"
04/01/2019,"37,39"
07/01/2019,"37,36"
08/01/2019,"37,37"
09/01/2019,"37,47"
10/01/2019,"37,31"
11/01/2019,"37,10"
14/01/2019,"37,10"
15/01/2019,"37,14"
16/01/2019,"37,36"
17/01/2019,"37,74"
18/01/2019,"37,62"
21/01/2019,"37,71"
22/01/2019,"37,59"
23/01/2019,"37,56"
24/01/2019,"37,56"
25/01/2019,"37,14"
28/01/2019,"37,09"
29/01/2019,"37,23"
30/01/2019,"37,61"
31/01/2019,"37,04"
01/02/2019,"37,24"
04/02/2019,"37,24"
05/02/2019,"37,20"
06/02/2019,"37,43"
07/02/2019,"37,90"
08/02/2019,"37,86"
11/02/2019,"38,32"
12/02/2019,"37,82"
13/02/2019,"38,15"
14/02/2019,"38,37"
15/02/2019,"38,33"
18/02/2019,"38,77"
19/02/2019,"38,92"
20/02/2019,"40,04"
21/02/2019,"39,66"
22/02/2019,"39,25"
25/02/2019,"38,96"
26/02/2019,"38,99"
27/02/2019,"38,75"
28/02/2019,"39,00"
01/03/2019,"39,45"
06/03/2019,"40,48"
07/03/2019,"41,23"
08/03/2019,"41,30"
11/03/2019,"40,87"
12/03/2019,"41,35"
13/03/2019,"41,65"
14/03/2019,"40,98"
15/03/2019,"39,94"
18/03/2019,"39,71"
19/03/2019,"40,33"
20/03/2019,"41,08"
21/03/2019,"40,74"
22/03/2019,"42,01"
25/03/2019,"41,79"
26/03/2019,"42,35"
27/03/2019,"43,70"
28/03/2019,"43,59"
29/03/2019,"43,35"
01/04/2019,"42,82"
03/04/2019,"42,65"
04/04/2019,"43,25"
05/04/2019,"43,69"
08/04/2019,"43,80"
09/04/2019,"43,74"
10/04/2019,"43,04"
11/04/2019,"42,91"
12/04/2019,"42,33"
15/04/2019,"41,56"
16/04/2019,"42,11"
17/04/2019,"41,78"
22/04/2019,"42,69"
23/04/2019,"42,38"
24/04/2019,"43,48"
25/04/2019,"45,63"
26/04/2019,"44,88"
29/04/2019,"44,67"
30/04/2019,"44,01"
02/05/2019,"44,75"
03/05/2019,"44,42"
06/05/2019,"44,90"
07/05/2019,"44,90"
08/05/2019,"45,04"
09/05/2019,"45,57"
10/05/2019,"44,98"
13/05/2019,"45,41"
14/05/2019,"44,99"
15/05/2019,"45,15"
16/05/2019,"44,86"
17/05/2019,"45,02"
20/05/2019,"45,32"
21/05/2019,"44,82"
22/05/2019,"44,72"
23/05/2019,"45,15"
24/05/2019,"44,96"
27/05/2019,"44,98"
28/05/2019,"44,79"
29/05/2019,"44,50"
30/05/2019,"44,45"
31/05/2019,"44,87"
03/06/2019,"44,87"
04/06/2019,"44,76"
05/06/2019,"44,80"
06/06/2019,"44,98"
07/06/2019,"44,88"
10/06/2019,"44,97"
11/06/2019,"44,74"
12/06/2019,"43,75"
13/06/2019,"43,59"
14/06/2019,"43,87"
18/06/2019,"43,66"
19/06/2019,"43,45"
21/06/2019,"42,92"
24/06/2019,"42,67"
25/06/2019,"42,31"
26/06/2019,"42,71"
27/06/2019,"42,84"
28/06/2019,"42,45"
01/07/2019,"42,14"
02/07/2019,"42,47"
03/07/2019,"42,09"
04/07/2019,"41,76"
05/07/2019,"41,98"
10/07/2019,"41,88"
11/07/2019,"41,76"
12/07/2019,"41,66"
15/07/2019,"41,86"
16/07/2019,"42,63"
17/07/2019,"42,52"
18/07/2019,"42,35"
19/07/2019,"42,45"
22/07/2019,"42,48"
23/07/2019,"42,63"
24/07/2019,"42,81"
25/07/2019,"43,25"
26/07/2019,"43,22"
29/07/2019,"43,76"
30/07/2019,"43,88"
31/07/2019,"43,87"
01/08/2019,"44,32"
02/08/2019,"44,70"
05/08/2019,"45,44"
06/08/2019,"45,35"
07/08/2019,"45,69"
08/08/2019,"45,41"
09/08/2019,"45,40"
12/08/2019,"55,75"
13/08/2019,"56,32"
14/08/2019,"58,84"
15/08/2019,"56,63"
16/08/2019,"56,44"
20/08/2019,"55,36"
21/08/2019,"54,92"
22/08/2019,"55,03"
23/08/2019,"55,27"
26/08/2019,"55,34"
27/08/2019,"55,71"
28/08/2019,"58,08"
29/08/2019,"58,20"
30/08/2019,"59,08"
02/09/2019,"57,09"
03/09/2019,"55,78"
04/09/2019,"55,94"
05/09/2019,"56,00"
06/09/2019,"55,91"
09/09/2019,"55,94"
10/09/2019,"56,07"
11/09/2019,"56,11"
12/09/2019,"56,18"
13/09/2019,"56,15"
16/09/2019,"56,25"
17/09/2019,"56,45"
18/09/2019,"56,50"
19/09/2019,"56,61"
20/09/2019,"56,62"
23/09/2019,"56,93"
24/09/2019,"56,94"
25/09/2019,"57,01"
26/09/2019,"57,18"
27/09/2019,"57,32"
30/09/2019,"57,56"
01/10/2019,"57,70"
02/10/2019,"57,89"
03/10/2019,"57,76"
04/10/2019,"57,71"
07/10/2019,"57,87"
08/10/2019,"57,84"
09/10/2019,"57,96"
10/10/2019,"57,98"
11/10/2019,"58,05"
15/10/2019,"58,24"
16/10/2019,"58,33"
17/10/2019,"58,31"
18/10/2019,"58,34"
21/10/2019,"58,52"
22/10/2019,"58,65"
23/10/2019,"58,94"
24/10/2019,"59,34"
25/10/2019,"60,00"
28/10/2019,"59,47"
29/10/2019,"59,46"
30/10/2019,"59,58"
31/10/2019,"59,73"
01/11/2019,"59,76"
04/11/2019,"59,76"
05/11/2019,"59,68"
07/11/2019,"59,60"
08/11/2019,"59,54"
11/11/2019,"59,75"
12/11/2019,"59,75"
13/11/2019,"59,74"
14/11/2019,"59,73"
15/11/2019,"59,69"
19/11/2019,"59,71"
20/11/2019,"59,72"
21/11/2019,"59,75"
22/11/2019,"59,79"
25/11/2019,"59,75"
26/11/2019,"59,72"
27/11/2019,"59,88"
28/11/2019,"59,85"
29/11/2019,"59,86"
02/12/2019,"59,95"
03/12/2019,"59,94"
04/12/2019,"59,91"
05/12/2019,"59,94"
06/12/2019,"59,96"
09/12/2019,"59,95"
10/12/2019,"59,96"
11/12/2019,"59,83"
12/12/2019,"59,83"
13/12/2019,"59,82"
16/12/2019,"59,84"
17/12/2019,"59,82"
18/12/2019,"59,82"
19/12/2019,"59,82"
20/12/2019,"59,82"
23/12/2019,"59,86"
26/12/2019,"59,92"
27/12/2019,"59,89"
30/12/2019,"59,90"
02/01/2020,"59,85"
03/01/2020,"59,83"
06/01/2020,"59,82"
07/01/2020,"59,82"
08/01/2020,"59,82"
09/01/2020,"59,82"
10/01/2020,"59,82"
13/01/2020,"59,88"
14/01/2020,"60,04"
15/01/2020,"60,01"
16/01/2020,"60,00"
17/01/2020,"60,01"
20/01/2020,"60,03"
21/01/2020,"60,06"
22/01/2020,"60,11"
23/01/2020,"60,09"
24/01/2020,"60,10"
27/01/2020,"60,14"
28/01/2020,"60,18"
29/01/2020,"60,24"
30/01/2020,"60,25"
31/01/2020,"60,33"
03/02/2020,"60,43"
04/02/2020,"60,58"
05/02/2020,"60,58"
06/02/2020,"60,67"
07/02/2020,"60,77"
10/02/2020,"60,97"
11/02/2020,"61,11"
12/02/2020,"61,23"
13/02/2020,"61,38"
14/02/2020,"61,45"
17/02/2020,"61,66"
18/02/2020,"61,66"
19/02/2020,"61,72"
20/02/2020,"61,79"
21/02/2020,"61,83"
26/02/2020,"62,08"
27/02/2020,"62,14"
28/02/2020,"62,21"
02/03/2020,"62,25"
03/03/2020,"62,30"
04/03/2020,"62,36"
05/03/2020,"62,42"
06/03/2020,"62,48"
09/03/2020,"62,53"
10/03/2020,"62,59"
11/03/2020,"62,67"
12/03/2020,"62,82"
13/03/2020,"62,90"
16/03/2020,"63,04"
17/03/2020,"63,18"
18/03/2020,"63,33"
19/03/2020,"63,55"
20/03/2020,"63,77"
25/03/2020,"64,05"
26/03/2020,"64,23"
27/03/2020,"64,41"
30/03/2020,"64,47"
01/04/2020,"64,53"
02/04/2020,"64,72"
03/04/2020,"64,91"
06/04/2020,"64,99"
07/04/2020,"65,07"
08/04/2020,"65,16"
13/04/2020,"65,38"
14/04/2020,"65,50"
15/04/2020,"65,62"
16/04/2020,"65,74"
17/04/2020,"65,86"
20/04/2020,"65,98"
21/04/2020,"66,09"
22/04/2020,"66,23"
23/04/2020,"66,32"
24/04/2020,"66,43"
27/04/2020,"66,53"
28/04/2020,"66,64"
29/04/2020,"66,75"
30/04/2020,"66,84"
04/05/2020,"66,93"
05/05/2020,"67,01"
06/05/2020,"67,10"
07/05/2020,"67,19"
08/05/2020,"67,28"
11/05/2020,"67,37"
12/05/2020,"67,46"
13/05/2020,"67,55"
14/05/2020,"67,64"
15/05/2020,"67,73"
18/05/2020,"67,82"
19/05/2020,"67,91"
20/05/2020,"68,00"
21/05/2020,"68,09"
22/05/2020,"68,18"
26/05/2020,"68,27"
27/05/2020,"68,36"
28/05/2020,"68,45"
29/05/2020,"68,54"
01/06/2020,"68,63"
02/06/2020,"68,72"
03/06/2020,"68,81"
04/06/2020,"68,90"
05/06/2020,"68,99"
08/06/2020,"69,08"
09/06/2020,"69,17"
10/06/2020,"69,26"
11/06/2020,"69,32"
12/06/2020,"69,38"
16/06/2020,"69,62"
17/06/2020,"69,68"
18/06/2020,"69,74"
19/06/2020,"69,80"
22/06/2020,"69,98"
23/06/2020,"70,04"
24/06/2020,"70,10"
25/06/2020,"70,16"
26/06/2020,"70,22"
29/06/2020,"70,40"
30/06/2020,"70,46"
01/07/2020,"70,52"
02/07/2020,"70,58"
03/07/2020,"70,64"
06/07/2020,"70,82"
07/07/2020,"70,88"
08/07/2020,"70,94"
13/07/2020,"71,23"
14/07/2020,"71,30"
15/07/2020,"71,36"
16/07/2020,"71,42"
17/07/2020,"71,48"
20/07/2020,"71,66"
21/07/2020,"71,72"
22/07/2020,"71,78"
23/07/2020,"71,84"
24/07/2020,"71,90"
27/07/2020,"72,08"
28/07/2020,"72,14"
29/07/2020,"72,20"
30/07/2020,"72,26"
31/07/2020,"72,32"
03/08/2020,"72,52"
04/08/2020,"72,57"
05/08/2020,"72,62"
06/08/2020,"72,70"
07/08/2020,"72,77"
10/08/2020,"72,95"
11/08/2020,"73,00"
12/08/2020,"73,05"
13/08/2020,"73,11"
14/08/2020,"73,16"
18/08/2020,"73,40"
19/08/2020,"73,48"
20/08/2020,"73,53"
21/08/2020,"73,58"
24/08/2020,"73,73"
25/08/2020,"73,81"
26/08/2020,"73,86"
27/08/2020,"73,94"
28/08/2020,"74,00"
31/08/2020,"74,18"
01/09/2020,"74,25"
02/09/2020,"74,32"
03/09/2020,"74,38"
04/09/2020,"74,44"
07/09/2020,"74,65"
08/09/2020,"74,71"
09/09/2020,"74,77"
10/09/2020,"74,84"
11/09/2020,"74,91"
14/09/2020,"75,12"
15/09/2020,"75,19"
16/09/2020,"75,25"
17/09/2020,"75,32"
18/09/2020,"75,38"
21/09/2020,"75,59"
22/09/2020,"75,65"
23/09/2020,"75,72"
24/09/2020,"75,78"
25/09/2020,"75,85"
28/09/2020,"76,06"
29/09/2020,"76,12"
30/09/2020,"76,18"
01/10/2020,"76,25"
02/10/2020,"76,95"
05/10/2020,"77,05"
06/10/2020,"77,08"
07/10/2020,"77,10"
08/10/2020,"77,10"
09/10/2020,"77,11"
13/10/2020,"77,40"
14/10/2020,"77,42"
15/10/2020,"77,46"
16/10/2020,"77,53"
19/10/2020,"77,58"
20/10/2020,"77,66"
21/10/2020,"77,71"
22/10/2020,"78,05"
23/10/2020,"78,09"
26/10/2020,"78,21"
27/10/2020,"78,30"
28/10/2020,"78,30"
29/10/2020,"78,30"
30/10/2020,"78,33"
02/11/2020,"78,69"
03/11/2020,"78,90"
04/11/2020,"79,02"
05/11/2020,"79,09"
09/11/2020,"79,34"
10/11/2020,"79,43"
11/11/2020,"79,48"
12/11/2020,"79,58"
13/11/2020,"79,73"
16/11/2020,"79,96"
17/11/2020,"80,03"
18/11/2020,"80,15"
19/11/2020,"80,27"
20/11/2020,"80,36"
24/11/2020,"80,69"
25/11/2020,"80,79"
26/11/2020,"80,89"
27/11/2020,"81,04"
30/11/2020,"81,30"
01/12/2020,"81,40"
02/12/2020,"81,48"
03/12/2020,"81,56"
04/12/2020,"81,65"
09/12/2020,"82,05"
10/12/2020,"82,13"
11/12/2020,"82,22"
14/12/2020,"82,46"
15/12/2020,"82,54"
16/12/2020,"82,63"
17/12/2020,"82,72"
18/12/2020,"82,84"
21/12/2020,"83,15"
22/12/2020,"83,25"
23/12/2020,"83,36"
28/12/2020,"83,91"
29/12/2020,"84,03"
30/12/2020,"84,15"
04/01/2021,"84,70"
05/01/2021,"84,80"
06/01/2021,"84,90"
07/01/2021,"85,00"
08/01/2021,"85,11"
11/01/2021,"85,38"
12/01/2021,"85,47"
13/01/2021,"85,56"
14/01/2021,"85,65"
15/01/2021,"85,74"
18/01/2021,"86,07"
19/01/2021,"86,20"
20/01/2021,"86,32"
21/01/2021,"86,43"
22/01/2021,"86,55"
25/01/2021,"86,91"
26/01/2021,"87,02"
27/01/2021,"87,12"
28/01/2021,"87,22"
29/01/2021,"87,30"
01/02/2021,"87,61"
02/02/2021,"87,70"
03/02/2021,"87,81"
04/02/2021,"87,91"
05/02/2021,"88,01"
08/02/2021,"88,17"
09/02/2021,"88,28"
10/02/2021,"88,36"
11/02/2021,"88,45"
12/02/2021,"88,54"
17/02/2021,"88,95"
18/02/2021,"89,05"
19/02/2021,"89,16"
22/02/2021,"89,44"
23/02/2021,"89,54"
24/02/2021,"89,64"
25/02/2021,"89,75"
26/02/2021,"89,83"
01/03/2021,"90,09"
02/03/2021,"90,16"
03/03/2021,"90,22"
04/03/2021,"90,30"
05/03/2021,"90,37"
08/03/2021,"90,58"
09/03/2021,"90,65"
10/03/2021,"90,72"
11/03/2021,"90,79"
12/03/2021,"90,86"
15/03/2021,"91,07"
16/03/2021,"91,14"
17/03/2021,"91,21"
18/03/2021,"91,28"
19/03/2021,"91,36"
22/03/2021,"91,57"
23/03/2021,"91,64"
25/03/2021,"91,78"
26/03/2021,"91,85"
29/03/2021,"91,92"
30/03/2021,"91,96"
31/03/2021,"91,99"
05/04/2021,"92,24"
06/04/2021,"92,29"
07/04/2021,"92,34"
08/04/2021,"92,39"
09/04/2021,"92,44"
12/04/2021,"92,58"
13/04/2021,"92,63"
14/04/2021,"92,68"
15/04/2021,"92,73"
16/04/2021,"92,78"
19/04/2021,"92,93"
20/04/2021,"92,98"
21/04/2021,"93,03"
22/04/2021,"93,08"
23/04/2021,"93,13"
26/04/2021,"93,28"
27/04/2021,"93,34"
28/04/2021,"93,42"
29/04/2021,"93,50"
30/04/2021,"93,56"
03/05/2021,"93,68"
04/05/2021,"93,72"
05/05/2021,"93,76"
06/05/2021,"93,80"
07/05/2021,"93,84"
10/05/2021,"93,93"
11/05/2021,"93,96"
12/05/2021,"93,99"
13/05/2021,"94,02"
14/05/2021,"94,05"
