fecha,ipc,rem,expec_utdt,emae,badlar_1,badlar_2,badlar_3,badlar_4,badlar_5,base_monetaria_1,base_monetaria_2,base_monetaria_3,base_monetaria_4,base_monetaria_5,reservas_1,reservas_2,reservas_3,reservas_4,reservas_5,dolar_mayor_1,dolar_mayor_2,dolar_mayor_3,dolar_mayor_4,dolar_mayor_5,dolar_informal_1,dolar_informal_2,dolar_informal_3,dolar_informal_4,dolar_informal_5
2002-03-01,4.0,0.0,0.0,0.0,21.5,19.5,14.5,20.625,0.0,21067.0,21091.0,21912.0,21974.0,22013.0,13788.0,13732.0,13794.0,13798.0,13809.0,2.369999885559082,2.3399999141693115,2.319999933242798,2.380000114440918,2.430000066757202,2.184999942779541,2.109999895095825,2.109999895095825,2.130000114440918,2.2100000381469727
2002-04-01,10.399999618530273,0.0,0.0,0.0,52.0625,47.375,55.4375,65.0,35.0,20399.0,20658.0,20846.0,21039.0,21143.0,12762.0,12667.0,12699.0,12686.0,12665.0,2.890000104904175,2.9000000953674316,2.799999952316284,2.6700000762939453,2.700000047683716,2.9149999618530273,2.9549999237060547,2.8299999237060547,2.799999952316284,2.7750000953674316
2002-05-01,4.0,0.0,0.0,0.0,138.4375,115.875,141.1875,160.125,189.1875,21262.0,21498.0,21386.0,21379.0,21153.0,12135.0,12027.0,12009.0,11980.0,11770.0,3.0399999618530273,3.1600000858306885,3.1600000858306885,3.1700000762939453,3.190000057220459,3.134999990463257,3.190000057220459,3.200000047683716,3.2200000286102295,3.240000009536743
2002-06-01,3.5999999046325684,0.0,0.0,0.0,119.375,147.6875,109.5625,86.125,99.1875,21008.0,2098.0,2082.0,20658.0,2049.0,10174.0,10182.0,10158.0,10119.0,10054.0,3.5899999141693115,3.609999895095825,3.630000114440918,3.640000104904175,3.630000114440918,3.640000104904175,3.6500000953674316,3.6600000858306885,3.690000057220459,3.700000047683716
2002-07-01,3.200000047683716,0.0,0.0,0.0,84.1875,94.375,113.375,115.625,94.0,20245.0,20194.0,20351.0,2025.0,20167.0,9574.0,9568.0,9535.0,9511.0,9504.0,3.7899999618530273,3.690000057220459,3.5799999237060547,3.559999942779541,3.569999933242798,3.819999933242798,3.690000057220459,3.630000114440918,3.5899999141693115,3.630000114440918
2002-08-01,2.299999952316284,0.0,0.0,0.0,104.0,96.6875,100.125,103.9375,94.6875,20439.0,20371.0,20588.0,20589.0,20598.0,8982.0,8961.0,8985.0,8985.0,8980.0,3.630000114440918,3.619999885559082,3.619999885559082,3.619999885559082,3.630000114440918,3.640000104904175,3.640000104904175,3.619999885559082,3.619999885559082,3.625
2002-09-01,1.399999976158142,0.0,0.0,0.0,54.0625,56.6875,54.1875,59.9375,49.625,21249.0,2145.0,21536.0,21486.0,21594.0,9109.0,9144.0,9163.0,9158.0,9338.0,3.630000114440918,3.630000114440918,3.640000104904175,3.619999885559082,3.609999895095825,3.614999771118164,3.625,3.6550002098083496,3.625,3.625
2002-10-01,0.20000000298023224,0.0,0.0,0.0,32.9375,31.75,36.8125,30.4375,40.1875,22621.0,22581.0,22615.0,22663.0,22732.0,9426.0,9414.0,9426.0,9377.0,9399.0,3.740000009536743,3.759999990463257,3.75,3.740000009536743,3.759999990463257,3.744999885559082,3.7649998664855957,3.7750000953674316,3.755000114440918,3.744999885559082
2002-11-01,0.5,0.0,0.0,0.0,12.4375,16.75,16.5,12.5,12.5625,24432.0,2444.0,24356.0,24597.0,2517.0,9918.0,9916.0,9922.0,9805.0,9897.0,3.5199999809265137,3.5399999618530273,3.5399999618530273,3.5399999618530273,3.5299999713897705,3.5450000762939453,3.5749998092651367,3.565000057220459,3.554999828338623,3.565000057220459
2002-12-01,0.20000000298023224,0.0,0.0,0.0,19.9375,18.0,20.0,14.25,13.6875,26458.0,26706.0,26831.0,26904.0,26951.0,10071.0,10111.0,10128.0,10140.0,10139.0,3.5899999141693115,3.5399999618530273,3.5299999713897705,3.5199999809265137,3.5299999713897705,3.614999771118164,3.5749998092651367,3.565000057220459,3.5749998092651367,3.5850000381469727
2003-01-01,1.2999999523162842,0.0,0.0,0.0,21.75,18.375,18.1875,14.6875,13.4375,29302.0,2936.0,29524.0,29867.0,29957.0,10501.0,10505.0,10564.0,10605.0,10652.0,3.359999895095825,3.3299999237060547,3.3299999237060547,3.2899999618530273,3.2899999618530273,3.364999771118164,3.3449997901916504,3.3249998092651367,3.2750000953674316,3.315000057220459
2003-02-01,0.6000000238418579,0.0,0.0,0.0,13.125,15.0,14.5625,12.75,12.875,29167.0,29217.0,29186.0,29214.0,29188.0,9308.0,9290.0,9306.0,9320.0,9210.0,3.200000047683716,3.1600000858306885,3.1500000953674316,3.1500000953674316,3.1500000953674316,3.2049999237060547,3.1750001907348633,3.1750001907348633,3.1750001907348633,3.1750001907348633
2003-03-01,0.6000000238418579,0.0,0.0,0.0,17.25,16.8125,18.5625,20.5625,20.25,30206.0,30246.0,3021.0,30229.0,30184.0,10256.0,10263.0,10266.0,10276.0,10279.0,3.2200000286102295,3.200000047683716,3.1700000762939453,3.180000066757202,3.1700000762939453,3.2150001525878906,3.195000171661377,3.195000171661377,3.190000057220459,3.1700000762939453
2003-04-01,0.10000000149011612,0.0,0.0,0.0,16.5625,21.875,22.4375,17.5625,21.875,30673.0,30662.0,30776.0,30704.0,30734.0,10513.0,10515.0,10540.0,10547.0,10519.0,2.9800000190734863,2.9200000762939453,2.9000000953674316,2.9000000953674316,2.890000104904175,2.9850001335144043,2.9250001907348633,2.9250001907348633,2.9149999618530273,2.9149999618530273
2003-05-01,-0.4000000059604645,0.0,0.0,0.0,14.25,14.3125,10.5625,10.9375,12.5,31706.0,31903.0,32052.0,31977.0,32367.0,11102.0,11182.0,11260.0,10996.0,11135.0,2.7899999618530273,2.799999952316284,2.799999952316284,2.809999942779541,2.7699999809265137,2.7950000762939453,2.804999828338623,2.804999828338623,2.804999828338623,2.7649998664855957
2003-06-01,-0.10000000149011612,0.0,0.0,0.0,9.75,10.25,9.9375,9.5,9.3125,34294.0,34502.0,34599.0,34708.0,34848.0,11547.0,11601.0,11638.0,11614.0,11656.0,2.8499999046325684,2.8399999141693115,2.8299999237060547,2.819999933242798,2.819999933242798,2.8449997901916504,2.8350000381469727,2.8350000381469727,2.8350000381469727,2.8249998092651367
2003-07-01,0.4000000059604645,0.0,0.0,0.0,6.6875,6.8125,6.0625,5.0,5.625,37918.0,37765.0,37944.0,37799.0,37974.0,12201.0,12239.0,12244.0,12973.0,13036.0,2.799999952316284,2.799999952316284,2.799999952316284,2.799999952316284,2.7899999618530273,2.7950000762939453,2.7950000762939453,2.7950000762939453,2.7950000762939453,2.7849998474121094
2003-08-01,0.0,0.0,0.0,0.0,2.4375,2.875,3.3125,3.3125,3.1875,38701.0,38259.0,38282.0,38183.0,38198.0,13496.0,13521.0,13504.0,13533.0,13396.0,2.930000066757202,2.9600000381469727,2.940000057220459,2.930000066757202,2.930000066757202,2.934999942779541,2.934999942779541,2.9549999237060547,2.9250001907348633,2.934999942779541
2003-09-01,0.0,0.0,0.0,0.0,2.9375,3.125,3.0625,3.4375,2.25,39922.0,39966.0,39947.0,39929.0,39958.0,13592.0,13618.0,13622.0,13625.0,13643.0,2.9600000381469727,2.9700000286102295,2.9800000190734863,2.9600000381469727,2.940000057220459,2.9549999237060547,2.9749999046325684,2.9749999046325684,2.9650001525878906,2.934999942779541
2003-10-01,0.6000000238418579,0.0,0.0,0.0,3.75,3.4375,3.0625,3.25,3.0,41019.0,40994.0,41038.0,41049.0,41144.0,13423.0,13434.0,13436.0,13446.0,13457.0,2.9100000858306885,2.9000000953674316,2.9000000953674316,2.880000114440918,2.869999885559082,2.9050002098083496,2.9050002098083496,2.8949999809265137,2.875,2.885000228881836
2003-11-01,0.20000000298023224,0.0,0.0,0.0,3.5,3.375,3.9375,3.5,3.5,42928.0,42958.0,43007.0,43044.0,43164.0,12892.0,12924.0,12953.0,12841.0,13329.0,2.859999895095825,2.8499999046325684,2.859999895095825,2.8499999046325684,2.8499999046325684,2.864999771118164,2.8550000190734863,2.8550000190734863,2.8550000190734863,2.8550000190734863
2003-12-01,0.20000000298023224,0.0,0.0,0.0,3.4375,3.3125,3.25,2.3125,2.625,44265.0,44305.0,4436.0,44432.0,44549.0,13520.0,13538.0,13583.0,13721.0,13754.0,2.990000009536743,2.9700000286102295,2.9800000190734863,2.9700000286102295,2.9700000286102295,2.9549999237060547,2.9650001525878906,2.9650001525878906,2.9650001525878906,2.9650001525878906
2004-01-01,0.4000000059604645,0.0,0.0,0.0,2.75,2.5,2.4375,1.9375,1.9375,46747.0,46758.0,46874.0,46755.0,46869.0,14209.0,14257.0,14303.0,14326.0,14364.0,2.9200000762939453,2.890000104904175,2.859999895095825,2.869999885559082,2.890000104904175,2.945000171661377,2.9149999618530273,2.9050002098083496,2.9149999618530273,2.9149999618530273
2004-02-01,0.10000000149011612,0.50952,0.0,0.0,2.0,1.9375,1.3125,1.3125,1.5,47035.0,47359.0,47201.0,47202.0,46864.0,14957.0,14991.0,14997.0,15001.0,15022.0,2.940000057220459,2.930000066757202,2.930000066757202,2.9600000381469727,2.9600000381469727,2.9149999618530273,2.9250001907348633,2.9250001907348633,2.945000171661377,2.9549999237060547
2004-03-01,0.6000000238418579,0.51111,0.0,0.0,1.4375,1.125,1.4375,1.375,1.3125,46892.0,46734.0,46606.0,46604.0,46643.0,15046.0,15049.0,15026.0,15011.0,15031.0,2.9200000762939453,2.9200000762939453,2.9100000858306885,2.9200000762939453,2.930000066757202,2.9200000762939453,2.9250001907348633,2.9200000762939453,2.930000066757202,2.934999942779541
2004-04-01,0.8999999761581421,0.61707,0.0,0.0,1.5625,1.1875,1.5625,1.4375,1.5,45768.0,45682.0,45758.0,4566.0,45785.0,15104.0,15113.0,15142.0,15100.0,15123.0,2.8499999046325684,2.8499999046325684,2.8399999141693115,2.809999942779541,2.799999952316284,2.864999771118164,2.864999771118164,2.864999771118164,2.8449997901916504,2.815000057220459
2004-05-01,0.699999988079071,0.55,0.0,90.2,2.0,2.125,1.8125,2.0625,2.0625,47151.0,46308.0,46343.0,4647.0,46609.0,15853.0,15965.0,16021.0,16053.999999999998,16008.0,2.8399999141693115,2.859999895095825,2.859999895095825,2.880000114440918,2.9200000762939453,2.8550000190734863,2.859999895095825,2.864999771118164,2.890000104904175,2.9149999618530273
2004-06-01,0.6000000238418579,0.67561,0.0,101.9,4.6875,4.4375,4.1875,4.0,3.8125,47763.0,47775.0,47909.0,47575.0,47699.0,16811.0,16883.0,16916.0,17019.0,17065.0,2.9700000286102295,2.950000047683716,2.950000047683716,2.9700000286102295,2.9700000286102295,2.9650001525878906,2.9549999237060547,2.9700000286102295,2.9650001525878906,2.9650001525878906
2004-07-01,0.5,0.76667,0.0,102.6,2.5625,2.75,2.625,2.9375,2.8125,48297.0,47933.0,47557.0,47266.0,465.0,17478.0,17513.0,17513.0,17732.0,17879.0,2.950000047683716,2.950000047683716,2.950000047683716,2.940000057220459,2.940000057220459,2.9600000381469727,2.9549999237060547,2.945000171661377,2.950000047683716,2.9600000381469727
2004-08-01,0.30000001192092896,0.55116,0.0,109.9,3.8125,3.6875,4.0625,4.1875,4.125,47284.0,47048.0,47034.0,4682.0,46978.0,18124.0,18182.0,18157.0,18050.0,18101.0,2.990000009536743,2.990000009536743,3.009999990463257,3.0399999618530273,3.069999933242798,2.9850001335144043,2.990000009536743,3.0250000953674316,3.054999828338623,3.054999828338623
2004-09-01,0.6000000238418579,0.5725,0.0,105.7,4.375,4.1875,4.5625,4.1875,4.3125,46841.0,46225.0,46529.0,46488.0,46508.0,18084.0,18096.0,18104.0,18102.0,18149.0,3.0,3.0,3.0,2.990000009536743,2.990000009536743,3.0199999809265137,3.0149998664855957,3.009999990463257,3.009999990463257,3.005000114440918
2004-10-01,0.4000000059604645,0.5575,0.0,101.1,4.8125,4.6875,4.1875,4.4375,4.4375,47523.0,47067.0,46901.0,46991.0,46986.0,18277.0,18287.0,18325.0,18303.0,18370.0,2.9800000190734863,2.9700000286102295,2.9700000286102295,2.9700000286102295,2.9700000286102295,2.990000009536743,2.9800000190734863,2.9800000190734863,2.9800000190734863,2.9800000190734863
2004-11-01,0.0,0.51667,0.0,98.4,4.3125,4.375,4.125,4.25,4.3125,46104.0,46219.0,46589.0,46597.0,46809.0,18575.0,18591.0,18640.0,18551.0,18615.0,2.9700000286102295,2.9600000381469727,2.9600000381469727,2.9600000381469727,2.9600000381469727,2.9650001525878906,2.950000047683716,2.9600000381469727,2.9600000381469727,2.9600000381469727
2004-12-01,0.800000011920929,0.51,0.0,98.1,4.0625,4.0625,4.0,4.0625,4.125,48779.0,48968.0,49144.0,4921.0,49514.0,19041.0,19091.0,19190.0,19257.0,19245.0,2.940000057220459,2.950000047683716,2.9700000286102295,2.9800000190734863,2.990000009536743,2.934999942779541,2.9549999237060547,2.9600000381469727,2.9650001525878906,2.9700000286102295
2005-01-01,1.5,0.68205,0.0,97.8,4.0,3.875,3.8125,3.5625,3.5,52537.0,5231.0,51857.0,51825.0,51573.0,19648.0,19641.0,19686.0,19643.0,19688.0,2.9700000286102295,2.9700000286102295,2.9700000286102295,2.9700000286102295,2.9700000286102295,2.9800000190734863,2.9749999046325684,2.9749999046325684,2.9800000190734863,2.9800000190734863
2005-02-01,0.8999999761581421,0.50238,0.0,100.1,3.0,3.0625,2.875,2.875,2.875,50199.0,49141.0,49295.0,49517.0,49567.0,20221.0,20330.0,20322.0,20182.0,20202.0,2.9200000762939453,2.9200000762939453,2.9200000762939453,2.9200000762939453,2.9200000762939453,2.9250001907348633,2.9250001907348633,2.9250001907348633,2.9250001907348633,2.9250001907348633
2005-03-01,1.5,0.54722,0.0,101.7,2.9375,2.875,2.875,3.0,2.8125,49776.0,48894.0,49086.0,49283.0,49797.0,20795.0,20803.0,20901.0,20996.0,21035.0,2.940000057220459,2.950000047683716,2.950000047683716,2.940000057220459,2.930000066757202,2.934999942779541,2.945000171661377,2.934999942779541,2.9250001907348633,2.9250001907348633
2005-04-01,0.5,0.73077,0.0,98.5,3.75,3.5,3.5625,3.625,3.625,49662.0,50506.0,50954.0,50089.0,49814.0,20388.0,20407.0,20385.0,20453.0,20469.0,2.9200000762939453,2.9200000762939453,2.9200000762939453,2.9100000858306885,2.890000104904175,2.930000066757202,2.930000066757202,2.9250001907348633,2.9149999618530273,2.9100000858306885
2005-05-01,0.6000000238418579,0.65,0.0,96.1,4.3125,5.125,4.875,5.1875,5.1875,49867.0,50666.0,50725.0,51753.0,52512.0,20971.0,21034.0,21109.0,21051.0,21145.0,2.9000000953674316,2.9000000953674316,2.9000000953674316,2.9000000953674316,2.9000000953674316,2.9000000953674316,2.9000000953674316,2.9000000953674316,2.9050002098083496,2.9050002098083496
2005-06-01,0.8999999761581421,0.60789,0.0,110.7,4.5,4.9375,4.8125,4.625,4.8125,51645.0,51961.0,52832.0,53064.0,53463.0,22257.0,21986.0,22172.0,22192.0,22299.0,2.880000114440918,2.880000114440918,2.890000104904175,2.890000104904175,2.890000104904175,2.890000104904175,2.890000104904175,2.9000000953674316,2.8949999809265137,2.8949999809265137
2005-07-01,1.0,0.73684,0.0,116.5,5.625,5.75,6.0,6.0,6.125,53075.0,53397.0,54131.0,54862.0,54854.0,23127.0,23128.0,23130.0,23206.0,23300.0,2.880000114440918,2.880000114440918,2.890000104904175,2.880000114440918,2.880000114440918,2.880000114440918,2.869999885559082,2.875,2.875,2.869999885559082
2005-08-01,0.4000000059604645,0.72821,0.0,126.7,5.6875,6.25,6.0625,6.0625,5.75,5478.0,54419.0,55051.0,54948.0,54536.0,25151.0,25238.0,25450.0,24820.0,24624.0,2.859999895095825,2.859999895095825,2.859999895095825,2.859999895095825,2.859999895095825,2.859999895095825,2.8499999046325684,2.8499999046325684,2.8550000190734863,2.8499999046325684
2005-09-01,1.2000000476837158,0.66667,0.0,116.5,5.6875,5.75,5.5,5.9375,5.875,53761.0,53249.0,53588.0,53379.0,53333.0,25370.0,25509.0,25515.0,25554.0,25715.0,2.9100000858306885,2.9100000858306885,2.9100000858306885,2.9100000858306885,2.9100000858306885,2.9000000953674316,2.8949999809265137,2.885000228881836,2.890000104904175,2.890000104904175
2005-10-01,0.800000011920929,0.71842,0.0,107.6,5.875,5.8125,6.125,6.125,5.9375,53932.0,53736.0,54299.0,54568.0,55026.0,25821.0,25878.0,25927.0,26043.0,26105.0,2.9100000858306885,2.9100000858306885,2.9200000762939453,2.930000066757202,2.940000057220459,2.9000000953674316,2.9050002098083496,2.9100000858306885,2.9250001907348633,2.9149999618530273
2005-11-01,1.2000000476837158,0.72703,0.0,105.8,6.5,6.375,6.375,6.5,6.375,55729.0,554.0,55216.0,55282.0,55454.0,26511.0,26536.0,26525.0,26322.0,26320.0,3.0,2.990000009536743,2.9800000190734863,2.9800000190734863,2.9800000190734863,2.994999885559082,2.9800000190734863,2.9850001335144043,2.990000009536743,2.9850001335144043
2005-12-01,1.100000023841858,1.15,0.0,104.9,8.25,7.75,7.75,7.8125,7.4375,57429.0,56924.0,56761.0,5641.0,55375.0,26584.0,26577.0,26652.0,26673.0,26705.0,2.9700000286102295,2.9800000190734863,2.990000009536743,3.0,2.990000009536743,2.9800000190734863,2.9800000190734863,2.990000009536743,2.9850001335144043,2.990000009536743
2006-01-01,1.2999999523162842,1.33824,0.0,104.5,7.9375,8.1875,8.375,8.5,8.6875,549.0,54823.0,55483.0,58893.0,59931.0,28078.0,18580.0,18578.0,18625.0,18735.0,3.0299999713897705,3.0399999618530273,3.0399999618530273,3.0399999618530273,3.049999952316284,3.049999952316284,3.049999952316284,3.059999942779541,3.069999933242798,3.0749998092651367
2006-02-01,0.4000000059604645,0.98529,0.0,108.0,7.9375,7.9375,8.125,7.1875,7.75,59188.0,58873.0,59107.0,58791.0,58871.0,19968.0,19994.0,19886.0,19838.0,19879.0,3.059999942779541,3.069999933242798,3.069999933242798,3.059999942779541,3.069999933242798,3.0799999237060547,3.0749998092651367,3.0799999237060547,3.0799999237060547,3.0799999237060547
2006-03-01,1.2000000476837158,1.16857,0.0,110.5,7.4375,7.9375,7.6875,7.5625,7.8125,57598.0,57625.0,57909.0,58223.0,58557.0,20570.0,20643.0,20586.0,20627.0,20709.0,3.069999933242798,3.069999933242798,3.069999933242798,3.0799999237060547,3.0799999237060547,3.069999933242798,3.0799999237060547,3.0799999237060547,3.0799999237060547,3.0799999237060547
2006-04-01,1.0,0.84857,0.0,106.5,8.75,8.9375,9.0,9.0,8.9375,59654.0,59417.0,59793.0,59737.0,5999.0,21562.0,21602.0,21665.0,21728.0,21708.0,3.0799999237060547,3.0799999237060547,3.0799999237060547,3.0799999237060547,3.0799999237060547,3.0899999141693115,3.0899999141693115,3.0949997901916504,3.0999999046325684,3.0999999046325684
2006-05-01,0.5,0.79118,0.0,104.1,9.125,8.8125,9.1875,9.375,9.0625,61104.0,61385.0,61121.0,61374.0,61352.0,22515.0,22565.0,22667.0,23159.0,23328.0,3.0399999618530273,3.0399999618530273,3.0399999618530273,3.0399999618530273,3.0399999618530273,3.059999942779541,3.049999952316284,3.049999952316284,3.059999942779541,3.049999952316284
2006-06-01,0.5,0.85152,0.0,118.6,9.0,8.5,8.9375,9.0625,8.875,61433.0,61513.0,61934.0,61896.0,61734.0,24110.0,24258.0,24320.0,24277.0,24552.0,3.0799999237060547,3.0799999237060547,3.0799999237060547,3.0799999237060547,3.0799999237060547,3.0899999141693115,3.0999999046325684,3.0949997901916504,3.0899999141693115,3.0949997901916504
2006-07-01,0.6000000238418579,0.92121,0.0,122.1,9.0,9.125,9.0,9.25,9.0625,64538.0,64371.0,64788.0,65116.0,65455.0,25681.0,25687.0,25799.0,25894.0,25999.0,3.0799999237060547,3.0799999237060547,3.0899999141693115,3.0899999141693115,3.0899999141693115,3.0899999141693115,3.0899999141693115,3.0999999046325684,3.0999999046325684,3.0899999141693115
2006-08-01,0.6000000238418579,0.61875,0.0,133.4,9.5,9.4375,9.5,9.25,9.5,66674.0,66311.0,66995.0,67037.0,67296.0,26248.0,26129.0,27020.0,26861.0,26943.0,3.069999933242798,3.069999933242798,3.069999933242798,3.069999933242798,3.069999933242798,3.0999999046325684,3.0999999046325684,3.0999999046325684,3.0999999046325684,3.0949997901916504
2006-09-01,0.8999999761581421,0.75625,13.7323154157,124.3,9.25,9.375,9.4375,9.4375,9.5,67683.0,67829.0,68081.0,67929.0,68138.0,27410.0,27414.0,27459.0,27493.0,27472.0,3.0899999141693115,3.0899999141693115,3.0999999046325684,3.0999999046325684,3.0999999046325684,3.0999999046325684,3.0999999046325684,3.0999999046325684,3.1050000190734863,3.1050000190734863
2006-10-01,0.8999999761581421,0.74516,11.8859146675,117.0,9.4375,9.625,9.5,9.375,9.5,7029.0,70259.0,70256.0,70735.0,71283.0,28084.0,28099.0,28136.0,28169.0,28204.0,3.0999999046325684,3.0999999046325684,3.109999895095825,3.0999999046325684,3.109999895095825,3.119999885559082,3.119999885559082,3.119999885559082,3.119999885559082,3.119999885559082
2006-11-01,0.699999988079071,0.74706,11.7282029256,116.3,9.4375,9.6875,9.5,9.5,9.625,69202.0,69878.0,70575.0,70663.0,70418.0,29097.0,29226.0,29237.0,29396.0,29505.0,3.0899999141693115,3.0899999141693115,3.0799999237060547,3.0799999237060547,3.069999933242798,3.1050000190734863,3.109999895095825,3.1050000190734863,3.1050000190734863,3.0799999237060547
2006-12-01,1.0,0.94375,12.7266854551,114.8,9.6875,9.3125,9.75,9.9375,9.75,73847.0,73511.0,7432.0,74288.0,74736.0,30391.0,30421.0,30555.0,30624.0,30918.0,3.069999933242798,3.059999942779541,3.059999942779541,3.059999942779541,3.059999942779541,3.0850000381469727,3.069999933242798,3.059999942779541,3.065000057220459,3.069999933242798
2007-01-01,1.100000023841858,1.14839,13.8634469293,116.5,9.875,9.625,9.875,9.875,9.8125,80121.0,7983.0,79554.0,78949.0,78672.0,32124.000000000004,32208.0,32256.0,32299.0,32350.0,3.059999942779541,3.059999942779541,3.069999933242798,3.0799999237060547,3.0799999237060547,3.0899999141693115,3.0899999141693115,3.0999999046325684,3.0999999046325684,3.0999999046325684
2007-02-01,0.699999988079071,0.68966,13.7639614817,118.1,8.5,8.3125,8.4375,8.375,8.1875,76045.0,7746.0,7871.0,78376.0,77251.0,33781.0,33848.0,34100.0,33910.0,33958.0,3.0999999046325684,3.0999999046325684,3.0999999046325684,3.0999999046325684,3.0999999046325684,3.119999885559082,3.119999885559082,3.125,3.119999885559082,3.119999885559082
2007-03-01,1.0,0.98611,13.18115168,119.6,8.25,8.3125,8.375,8.25,8.4375,77994.0,77755.0,78217.0,78533.0,78286.0,34998.0,35070.0,35107.0,35201.0,35260.0,3.0999999046325684,3.0999999046325684,3.0999999046325684,3.0999999046325684,3.0999999046325684,3.109999895095825,3.109999895095825,3.109999895095825,3.119999885559082,3.119999885559082
2007-04-01,2.299999952316284,0.75294,13.4905516122,114.7,8.25,8.25,8.3125,8.1875,8.0,80476.0,80472.0,8039.0,80473.0,80587.0,36894.0,37002.0,37104.0,37204.0,37292.0,3.0999999046325684,3.0999999046325684,3.0999999046325684,3.0899999141693115,3.0899999141693115,3.109999895095825,3.109999895095825,3.109999895095825,3.109999895095825,3.114999771118164
2007-05-01,2.0999999046325684,0.61724,15.4416379948,112.7,7.5625,7.75,7.6875,7.4375,7.625,80454.0,80417.0,8114.0,8137.0,81696.0,38733.0,38760.0,38844.0,38989.0,39115.0,3.0799999237060547,3.0899999141693115,3.0799999237060547,3.0799999237060547,3.0799999237060547,3.119999885559082,3.119999885559082,3.114999771118164,3.109999895095825,3.114999771118164
2007-06-01,2.700000047683716,0.61613,18.9653355342,129.3,7.75,7.8125,7.5,7.8125,7.6875,83614.0,84082.0,84012.0,83069.0,82889.0,40694.0,40805.0,41005.0,41086.0,41146.0,3.069999933242798,3.069999933242798,3.069999933242798,3.0799999237060547,3.0799999237060547,3.109999895095825,3.1050000190734863,3.0999999046325684,3.0999999046325684,3.0999999046325684
2007-07-01,2.5999999046325684,0.66286,18.9066652261,133.5,8.1875,8.25,8.1875,8.1875,8.1875,86171.0,86244.0,85795.0,86074.0,86545.0,43313.0,43390.0,43390.0,43437.0,43513.0,3.0899999141693115,3.0899999141693115,3.0899999141693115,3.0999999046325684,3.0999999046325684,3.0999999046325684,3.0999999046325684,3.109999895095825,3.119999885559082,3.119999885559082
2007-08-01,3.299999952316284,0.53235,20.8981962589,147.6,9.875,10.25,10.125,9.9375,9.75,89503.0,89727.0,89438.0,89219.0,89243.0,44153.0,44159.0,44002.0,43871.0,43901.0,3.130000114440918,3.130000114440918,3.140000104904175,3.140000104904175,3.140000104904175,3.180000066757202,3.180000066757202,3.184999942779541,3.184999942779541,3.184999942779541
2007-09-01,2.0,0.71563,22.7559794592,136.1,12.5,12.375,13.3125,13.5,13.5,88325.0,88945.0,89523.0,90151.0,89153.0,43170.0,43100.0,43022.0,43008.0,42997.0,3.1600000858306885,3.1600000858306885,3.1700000762939453,3.1600000858306885,3.1600000858306885,3.2150001525878906,3.2200000286102295,3.2200000286102295,3.2150001525878906,3.2150001525878906
2007-10-01,1.399999976158142,0.79688,22.9571970533,127.4,11.75,11.6875,11.6875,11.875,12.1875,88431.0,88043.0,88261.0,88629.0,88665.0,42774.0,42691.0,42618.0,42501.0,42700.0,3.1500000953674316,3.1500000953674316,3.1500000953674316,3.1500000953674316,3.1600000858306885,3.190000057220459,3.190000057220459,3.195000171661377,3.200000047683716,3.190000057220459
2007-11-01,-0.4000000059604645,0.73333,25.225440727,126.6,13.5625,13.1875,13.5,13.25,13.75,87291.0,88351.0,88834.0,89706.0,90401.0,42987.0,43129.0,43131.0,43268.0,43304.0,3.140000104904175,3.130000114440918,3.130000114440918,3.130000114440918,3.119999885559082,3.184999942779541,3.1700000762939453,3.1649999618530273,3.1600000858306885,3.1600000858306885
2007-12-01,1.0,0.86071,22.3725261889,123.5,13.4375,13.5,13.625,13.8125,13.3125,91612.0,93225.0,93323.0,94006.0,94801.0,44985.0,45121.0,45192.0,45321.0,45511.0,3.140000104904175,3.140000104904175,3.130000114440918,3.130000114440918,3.130000114440918,3.1500000953674316,3.1550002098083496,3.1600000858306885,3.1550002098083496,3.1500000953674316
2008-01-01,2.0,1.15185,23.2651408149,128.4,13.5,13.5,13.25,13.0625,11.75,99734.0,99016.0,98129.0,98462.0,98377.0,46292.0,46357.0,46362.0,46520.0,46594.0,3.1500000953674316,3.140000104904175,3.140000104904175,3.140000104904175,3.130000114440918,3.1649999618530273,3.1700000762939453,3.1700000762939453,3.1750001907348633,3.1750001907348633
2008-02-01,2.200000047683716,0.61739,22.5049850466,129.7,8.75,8.75,8.875,8.0625,8.5,94219.0,94748.0,94068.0,93366.0,94242.0,47755.0,47918.0,47903.0,48004.0,48037.0,3.1500000953674316,3.1500000953674316,3.1600000858306885,3.1700000762939453,3.1700000762939453,3.1700000762939453,3.1700000762939453,3.1700000762939453,3.180000066757202,3.1750001907348633
2008-03-01,4.099999904632568,0.8037,23.3012510423,128.9,8.4375,8.5,8.625,8.6875,8.625,98838.0,98034.0,98227.0,97526.0,98164.0,49338.0,49369.0,49479.0,49506.0,49599.0,3.1600000858306885,3.1600000858306885,3.1500000953674316,3.1500000953674316,3.1500000953674316,3.1750001907348633,3.1700000762939453,3.180000066757202,3.1750001907348633,3.1700000762939453
2008-04-01,3.0,0.73214,31.1219194604,126.2,8.625,8.625,8.5625,8.625,8.5625,100072.0,99936.0,99373.0,98692.0,97798.0,50426.0,50456.0,50396.0,50475.0,50388.0,3.1700000762939453,3.1600000858306885,3.1600000858306885,3.1600000858306885,3.1600000858306885,3.190000057220459,3.190000057220459,3.184999942779541,3.184999942779541,3.180000066757202
2008-05-01,0.20000000298023224,0.64444,32.8165537081,122.8,10.0,10.0,10.1875,10.3125,10.8125,100214.0,99861.0,9934.0,99999.0,9954.0,50201.0,50213.0,50202.0,50199.0,50223.0,3.1700000762939453,3.1700000762939453,3.180000066757202,3.180000066757202,3.180000066757202,3.2300000190734863,3.2249999046325684,3.2300000190734863,3.244999885559082,3.255000114440918
2008-06-01,2.4000000953674316,0.61481,36.479644835,132.3,17.75,18.4375,18.125,18.0,18.125,99222.0,99775.0,100004.0,99424.0,99874.0,48514.0,48485.0,48411.0,48369.0,48317.0,3.0899999141693115,3.069999933242798,3.059999942779541,3.059999942779541,3.059999942779541,3.1550002098083496,3.1500000953674316,3.1600000858306885,3.1500000953674316,3.1550002098083496
2008-07-01,1.399999976158142,0.664,34.7189662425,145.3,16.375,16.4375,16.1875,16.0625,16.1875,101062.0,100993.0,101432.0,100838.0,101488.0,47524.0,47549.0,47518.0,47497.0,47544.0,3.0199999809265137,3.0199999809265137,3.0299999713897705,3.0299999713897705,3.0199999809265137,3.0450000762939453,3.059999942779541,3.065000057220459,3.049999952316284,3.049999952316284
2008-08-01,0.800000011920929,0.63043,32.5925647291,154.2,12.5,12.5,12.0625,12.625,12.5,103492.0,103045.0,101464.0,101617.0,101875.0,47692.0,47651.0,47615.0,47595.0,47535.0,3.0399999618530273,3.0399999618530273,3.0399999618530273,3.0399999618530273,3.049999952316284,3.059999942779541,3.059999942779541,3.059999942779541,3.059999942779541,3.065000057220459
2008-09-01,1.100000023841858,0.7,30.7240197971,140.5,12.1875,12.1875,12.0,12.125,12.1875,102312.0,102783.0,102951.0,102822.0,102802.0,47081.0,47088.0,47035.0,46974.0,47068.0,3.0299999713897705,3.0299999713897705,3.049999952316284,3.0399999618530273,3.0399999618530273,3.059999942779541,3.059999942779541,3.069999933242798,3.0749998092651367,3.069999933242798
2008-10-01,0.6000000238418579,0.65185,31.9947266882,136.6,12.625,12.875,12.75,13.25,13.5625,104307.0,104039.0,102284.0,102834.0,102861.0,47152.0,47126.0,47064.0,47019.0,46994.0,3.140000104904175,3.140000104904175,3.1600000858306885,3.200000047683716,3.2100000381469727,3.1600000858306885,3.1700000762939453,3.1750001907348633,3.240000009536743,3.319999933242798
2008-11-01,0.6000000238418579,0.57308,34.1534632364,131.3,23.375,24.5625,25.25,25.9375,25.9375,103132.0,10178.0,101744.0,101811.0,100403.0,44973.0,45031.0,45183.0,45189.0,45443.0,3.380000114440918,3.369999885559082,3.299999952316284,3.309999942779541,3.299999952316284,3.4250001907348633,3.375,3.3449997901916504,3.315000057220459,3.3249998092651367
2008-12-01,0.4000000059604645,0.648,31.9272138963,132.2,18.4375,18.25,18.1875,18.4375,18.4375,104314.0,103895.0,103679.0,103839.0,105775.0,46066.0,46109.0,46084.0,46090.0,46054.0,3.380000114440918,3.390000104904175,3.4000000953674316,3.430000066757202,3.450000047683716,3.4050002098083496,3.4250001907348633,3.4700000286102295,3.5,3.505000114440918
2009-01-01,1.2000000476837158,0.63043,23.4502109682,130.4,19.1875,19.5,19.1875,18.6875,18.3125,109709.0,107438.0,105702.0,105947.0,105211.0,46408.0,46273.0,46331.0,46456.0,46567.0,3.450000047683716,3.4600000381469727,3.450000047683716,3.4600000381469727,3.450000047683716,3.5349998474121094,3.5149998664855957,3.5399999618530273,3.549999952316284,3.5399999618530273
2009-02-01,0.0,0.41739,28.5683332249,125.5,12.5625,12.625,12.5625,12.25,11.875,104238.0,103996.0,102983.0,103075.0,10261.0,47044.0,47034.0,47029.0,47035.0,47027.0,3.490000009536743,3.5,3.5,3.490000009536743,3.490000009536743,3.5299999713897705,3.5349998474121094,3.5450000762939453,3.554999828338623,3.549999952316284
2009-03-01,2.299999952316284,0.55,32.7575198104,123.5,11.625,11.875,12.0625,11.875,12.0625,105754.0,104738.0,105192.0,104234.0,102902.0,47040.0,47024.0,47009.0,46983.0,46964.0,3.5899999141693115,3.609999895095825,3.609999895095825,3.619999885559082,3.630000114440918,3.6649999618530273,3.695000171661377,3.7249999046325684,3.7249999046325684,3.7200000286102295
2009-04-01,1.7999999523162842,0.51053,31.0518320682,116.8,12.75,12.8125,12.6875,12.8125,12.8125,103496.0,103341.0,101337.0,101918.0,100547.0,46390.0,46224.0,46106.0,46062.0,46071.0,3.7200000286102295,3.700000047683716,3.680000066757202,3.6700000762939453,3.680000066757202,3.7750000953674316,3.75,3.700000047683716,3.7100000381469727,3.7200000286102295
2009-05-01,0.8999999761581421,0.4619,28.6475076212,114.9,12.6875,12.8125,12.75,12.75,12.9375,101743.0,102038.0,102272.0,101895.0,99942.0,46472.0,46445.0,46446.0,46492.0,46503.0,3.690000057220459,3.690000057220459,3.700000047683716,3.7200000286102295,3.7200000286102295,3.7350001335144043,3.7300000190734863,3.7350001335144043,3.744999885559082,3.744999885559082
2009-06-01,0.5,0.49048,29.8804223716,126.2,13.0,12.875,12.8125,12.9375,12.9375,106068.0,106729.0,10701.0,108811.0,108198.0,46502.0,46484.0,46485.0,46487.0,46351.0,3.75,3.740000009536743,3.740000009536743,3.740000009536743,3.75,3.804999828338623,3.804999828338623,3.804999828338623,3.809999942779541,3.804999828338623
2009-07-01,1.0,0.52273,31.4527397644,128.0,12.9375,12.9375,12.9375,12.9375,13.0,107878.0,107682.0,107813.0,107927.0,107496.0,46035.0,45833.0,45934.0,45966.0,45942.0,3.799999952316284,3.799999952316284,3.799999952316284,3.809999942779541,3.799999952316284,3.8449997901916504,3.859999895095825,3.8449997901916504,3.8299999237060547,3.8350000381469727
2009-08-01,1.899999976158142,0.475,30.050719126,133.0,13.125,13.0,13.125,12.9375,13.0,107924.0,108731.0,107943.0,107035.0,106615.0,44685.0,44547.0,44592.0,44492.0,44496.0,3.8299999237060547,3.819999933242798,3.819999933242798,3.819999933242798,3.8299999237060547,3.864999771118164,3.859999895095825,3.8550000190734863,3.8449997901916504,3.8449997901916504
2009-09-01,1.5,0.58,34.0909851937,129.3,12.3125,12.4375,12.125,12.4375,12.25,10772.0,107869.0,109226.0,107767.0,107365.0,45047.0,45061.0,45075.0,45130.0,45130.0,3.8499999046325684,3.8499999046325684,3.8499999046325684,3.8499999046325684,3.8499999046325684,3.8499999046325684,3.859999895095825,3.869999885559082,3.8449997901916504,3.8399999141693115
2009-10-01,1.7000000476837158,0.64,29.3159794784,127.4,12.0625,12.1875,12.0,12.0625,12.0,107358.0,107516.0,107281.0,107639.0,107189.0,45351.0,45396.0,45307.0,45421.0,45463.0,3.8399999141693115,3.8499999046325684,3.8399999141693115,3.8299999237060547,3.8299999237060547,3.8399999141693115,3.8399999141693115,3.8350000381469727,3.8249998092651367,3.8350000381469727
2009-11-01,1.2000000476837158,0.65238,31.4596291493,124.0,11.375,11.25,11.1875,11.0,11.125,111085.0,110502.0,110337.0,109567.0,109556.0,46346.0,46406.0,46480.0,46596.0,46781.0,3.819999933242798,3.819999933242798,3.819999933242798,3.819999933242798,3.819999933242798,3.809999942779541,3.804999828338623,3.804999828338623,3.7950000762939453,3.7899999618530273
2009-12-01,3.200000047683716,0.78824,29.5681071808,126.2,10.0,9.9375,9.8125,9.5625,9.75,114357.0,114858.0,115414.0,115697.0,115251.0,47132.0,47341.0,47307.0,47218.0,47292.0,3.809999942779541,3.809999942779541,3.809999942779541,3.809999942779541,3.809999942779541,3.799999952316284,3.809999942779541,3.809999942779541,3.804999828338623,3.799999952316284
2010-01-01,2.200000047683716,1.0,32.9836863445,127.1,9.875,9.8125,10.0,10.125,9.8125,123817.0,122306.0,122188.0,121899.0,121735.0,48068.0,47974.0,48092.0,48100.0,48085.0,3.799999952316284,3.799999952316284,3.809999942779541,3.799999952316284,3.799999952316284,3.859999895095825,3.859999895095825,3.875,3.864999771118164,3.869999885559082
2010-02-01,4.400000095367432,0.75625,30.7094054536,127.1,9.75,9.4375,9.6875,9.625,9.75,123107.0,121087.0,120764.0,120468.0,120681.0,48059.0,48031.0,48154.0,47987.0,48051.0,3.8399999141693115,3.8299999237060547,3.8299999237060547,3.8399999141693115,3.8399999141693115,3.885000228881836,3.9050002098083496,3.9100000858306885,3.9200000762939453,3.9100000858306885
2010-03-01,2.5999999046325684,1.12353,31.076806033,126.3,9.5625,9.5625,9.5,9.3125,9.4375,120646.0,122206.0,123285.0,122707.0,121129.0,47716.0,47714.0,47699.0,47727.0,47709.0,3.859999895095825,3.859999895095825,3.8499999046325684,3.859999895095825,3.859999895095825,3.9000000953674316,3.9050002098083496,3.9100000858306885,3.9100000858306885,3.9050002098083496
2010-04-01,1.399999976158142,1.03529,31.8345163989,121.5,9.25,9.25,9.375,9.25,9.3125,124836.0,124089.0,122215.0,120951.0,120876.0,47472.0,47975.0,47366.0,47300.0,47265.0,3.880000114440918,3.880000114440918,3.880000114440918,3.880000114440918,3.869999885559082,3.885000228881836,3.869999885559082,3.869999885559082,3.8949999809265137,3.8949999809265137
2010-05-01,1.600000023841858,0.97222,32.385932047,119.8,9.25,9.3125,8.8125,9.125,9.25,121989.0,12406.0,124153.0,123018.0,124706.0,48058.0,48033.0,47925.0,47906.0,48131.0,3.890000104904175,3.890000104904175,3.9000000953674316,3.9000000953674316,3.9000000953674316,3.9100000858306885,3.9100000858306885,3.9149999618530273,3.9250001907348633,3.9250001907348633
2010-06-01,1.100000023841858,0.88,30.2487180181,136.9,9.75,10.0625,10.125,9.75,10.125,127409.0,126396.0,127551.0,127459.0,125246.0,48873.0,48812.0,48785.0,48896.0,48788.0,3.930000066757202,3.930000066757202,3.9200000762939453,3.9200000762939453,3.930000066757202,3.9700000286102295,3.994999885559082,4.0,4.0,3.990000009536743
2010-07-01,1.5,0.98824,32.5275925382,145.8,9.9375,10.5,9.9375,10.4375,10.4375,132078.0,13141.0,133617.0,134273.0,134367.0,49325.0,49462.0,49448.0,49627.0,49850.0,3.930000066757202,3.930000066757202,3.940000057220459,3.930000066757202,3.940000057220459,4.005000114440918,4.005000114440918,3.994999885559082,3.9850001335144043,3.9800000190734863
2010-08-01,1.100000023841858,0.90667,32.518056786,158.1,10.375,10.3125,9.875,10.5,10.375,136004.0,136263.0,135782.0,134967.0,134618.0,51084.0,49897.0,49991.0,50045.0,49990.0,3.940000057220459,3.940000057220459,3.930000066757202,3.930000066757202,3.930000066757202,4.015000343322754,4.015000343322754,4.005000114440918,4.015000343322754,3.990000009536743
2010-09-01,1.600000023841858,0.95,32.821795522,149.9,10.625,10.375,10.25,10.625,10.5,138831.0,139096.0,138708.0,138503.0,138062.0,50469.0,50455.0,50539.0,50546.0,50575.0,3.950000047683716,3.950000047683716,3.940000057220459,3.950000047683716,3.950000047683716,4.0,4.005000114440918,4.0,3.994999885559082,3.9850001335144043
2010-10-01,3.299999952316284,0.90625,31.3728261952,139.5,10.75,10.3125,10.6875,10.6875,10.75,141341.0,14178.0,143301.0,14342.0,144402.0,51236.0,51512.0,51443.0,51480.0,51508.0,3.9600000381469727,3.9600000381469727,3.9600000381469727,3.9600000381469727,3.9600000381469727,4.025000095367432,4.019999980926514,4.015000343322754,4.015000343322754,4.005000114440918
2010-11-01,1.899999976158142,0.91667,33.6992752317,137.2,10.9375,11.0625,10.625,10.5,10.75,144901.0,144168.0,145153.0,14479.0,142595.0,52018.0,52119.0,52211.0,52291.0,52284.0,3.9600000381469727,3.9600000381469727,3.9600000381469727,3.9600000381469727,3.9600000381469727,4.03000020980835,4.034999847412109,4.034999847412109,4.034999847412109,4.019999980926514
2010-12-01,1.7000000476837158,1.1,34.0164207086,136.7,11.0,11.0,10.75,10.6875,11.1875,15453.0,155127.0,154817.0,155009.0,155526.0,51820.0,51816.0,51958.0,51962.0,51982.0,3.990000009536743,3.9800000190734863,3.9800000190734863,3.9800000190734863,3.9800000190734863,4.059999942779541,4.070000171661377,4.059999942779541,4.039999961853027,4.039999961853027
2011-01-01,1.100000023841858,1.25833,35.141475976,135.1,11.0625,11.25,11.0,10.8125,11.0625,162878.0,164389.0,1635.0,163226.0,163083.0,52179.0,52185.0,52215.0,52197.0,52119.0,3.9700000286102295,3.9700000286102295,3.9700000286102295,3.9700000286102295,3.9700000286102295,4.110000133514404,4.119999885559082,4.135000228881836,4.135000228881836,4.119999885559082
2011-02-01,1.100000023841858,0.95455,30.7317245064,139.6,11.0,10.875,11.125,11.0,10.8125,160506.0,161986.0,161767.0,160937.0,162653.0,52647.0,52606.0,52535.0,52509.0,52448.0,4.010000228881836,4.010000228881836,4.010000228881836,4.019999980926514,4.019999980926514,4.130000114440918,4.114999771118164,4.114999771118164,4.114999771118164,4.114999771118164
2011-03-01,2.700000047683716,1.39,33.2920471824,138.5,11.3125,11.125,11.125,11.0,11.125,164681.0,165898.0,167221.0,166922.0,167692.0,52313.0,52352.0,52390.0,52364.0,52365.0,4.03000020980835,4.03000020980835,4.03000020980835,4.03000020980835,4.03000020980835,4.150000095367432,4.144999980926514,4.139999866485596,4.130000114440918,4.114999771118164
2011-04-01,2.5999999046325684,1.25,32.7752956657,133.1,11.1875,11.1875,11.1875,11.4375,11.375,166154.0,166516.0,167556.0,167586.0,166996.0,51302.0,51210.0,51330.0,51405.0,51481.0,4.050000190734863,4.050000190734863,4.050000190734863,4.050000190734863,4.050000190734863,4.154999732971191,4.154999732971191,4.154999732971191,4.159999847412109,4.159999847412109
2011-05-01,1.7000000476837158,0.96667,30.2751867422,129.5,11.0625,11.25,11.125,11.1875,11.625,17041.0,171248.0,17173.0,170423.0,169195.0,51990.0,52011.0,51993.0,51900.0,51897.0,4.079999923706055,4.079999923706055,4.079999923706055,4.079999923706055,4.079999923706055,4.265000343322754,4.284999847412109,4.269999980926514,4.269999980926514,4.265000343322754
2011-06-01,1.5,1.03,29.4939769077,147.0,11.25,11.0,11.0625,11.4375,11.4375,17794.0,177483.0,178039.0,177971.0,177765.0,52001.0,52028.0,52046.0,52043.0,52066.0,4.090000152587891,4.090000152587891,4.090000152587891,4.090000152587891,4.090000152587891,4.305000305175781,4.295000076293945,4.28000020980835,4.265000343322754,4.260000228881836
2011-07-01,1.7000000476837158,1.14167,32.500401342,151.0,11.375,11.3125,11.3125,11.5,11.5,182889.0,181999.0,181579.0,184298.0,18392.0,51749.0,51779.0,51525.0,51566.0,51601.0,4.110000133514404,4.110000133514404,4.119999885559082,4.119999885559082,4.119999885559082,4.275000095367432,4.265000343322754,4.260000228881836,4.269999980926514,4.260000228881836
2011-08-01,2.4000000953674316,1.0,28.3963342209,166.2,12.0,12.375,12.0,12.3125,12.25,192833.0,193012.0,192859.0,191672.0,190143.0,51853.0,51863.0,52001.0,51722.0,50318.0,4.150000095367432,4.150000095367432,4.150000095367432,4.150000095367432,4.150000095367432,4.320000171661377,4.324999809265137,4.324999809265137,4.320000171661377,4.320000171661377
2011-09-01,1.899999976158142,1.02,29.1731137677,156.7,12.625,12.5,12.625,12.3125,12.75,192121.0,19401.0,19442.0,191828.0,190911.0,49913.0,49956.0,49954.0,49773.0,49676.0,4.210000038146973,4.21999979019165,4.210000038146973,4.210000038146973,4.210000038146973,4.414999961853027,4.425000190734863,4.414999961853027,4.414999961853027,4.425000190734863
2011-10-01,1.100000023841858,1.16667,29.0811636576,146.4,13.8125,14.5,14.6875,15.625,15.625,195218.0,194713.0,194537.0,194786.0,19364.0,48409.0,48279.0,48249.0,48310.0,48235.0,4.199999809265137,4.199999809265137,4.210000038146973,4.210000038146973,4.210000038146973,4.420000076293945,4.434999942779541,4.429999828338623,4.404999732971191,4.394999980926514
2011-11-01,1.399999976158142,1.2,29.8239847335,146.4,20.125,19.3125,19.9375,19.875,19.8125,196427.0,198063.0,197649.0,194328.0,193278.0,47429.0,47450.0,47408.0,47274.0,47089.0,4.239999771118164,4.25,4.25,4.25,4.260000228881836,4.609999656677246,4.680000305175781,4.670000076293945,4.664999961853027,4.670000076293945
2011-12-01,1.899999976158142,1.225,30.1617813631,147.2,19.1875,19.125,19.1875,18.625,18.5625,205741.0,205842.0,203279.0,20479.0,202805.0,46105.0,46138.0,46087.0,46164.0,46371.0,4.28000020980835,4.28000020980835,4.289999961853027,4.28000020980835,4.28000020980835,4.724999904632568,4.664999961853027,4.654999732971191,4.654999732971191,4.574999809265137
2012-01-01,1.2000000476837158,1.18889,34.4026595606,145.1,17.5,16.9375,16.5625,16.5625,16.8125,221897.0,218474.0,216193.0,216247.0,218463.0,46231.0,46446.0,46440.0,46426.0,46222.0,4.309999942779541,4.300000190734863,4.309999942779541,4.320000171661377,4.320000171661377,4.744999885559082,4.775000095367432,4.784999847412109,4.784999847412109,4.784999847412109
2012-02-01,1.5,0.94286,28.9194279771,146.4,14.9375,14.75,15.0625,14.75,14.9375,213769.0,210812.0,207632.0,206232.0,207464.0,46673.0,46685.0,46700.0,46692.0,46722.0,4.340000152587891,4.329999923706055,4.329999923706055,4.329999923706055,4.340000152587891,4.775000095367432,4.775000095367432,4.775000095367432,4.765000343322754,4.724999904632568
2012-03-01,3.4000000953674316,1.35,30.7102269468,143.4,13.25,13.3125,13.375,13.0,13.0,214979.0,215324.0,214217.0,213654.0,213576.0,46700.0,46781.0,46838.0,46828.0,46894.0,4.349999904632568,4.340000152587891,4.329999923706055,4.340000152587891,4.340000152587891,4.694999694824219,4.684999942779541,4.684999942779541,4.684999942779541,4.704999923706055
2012-04-01,2.0,1.16,35.0114448253,136.2,12.4375,12.1875,12.25,12.25,12.25,223089.0,221643.0,218964.0,219943.0,222156.0,47241.0,47164.0,47177.0,47279.0,47381.0,4.380000114440918,4.380000114440918,4.389999866485596,4.380000114440918,4.389999866485596,4.885000228881836,4.904999732971191,4.885000228881836,4.875,4.885000228881836
2012-05-01,1.899999976158142,0.93333,37.1254186683,132.4,12.0,11.625,11.8125,11.75,11.6875,229851.0,22294.0,222245.0,22077.0,22013.0,47553.0,47492.0,47593.0,47587.0,47458.0,4.420000076293945,4.429999828338623,4.429999828338623,4.429999828338623,4.440000057220459,5.069999694824219,5.039999961853027,5.029999732971191,5.039999961853027,5.050000190734863
2012-06-01,1.2999999523162842,1.09,33.8893695823,147.4,11.8125,11.875,11.9375,12.0,11.8125,233103.0,232186.0,233544.0,233473.0,234458.0,47111.0,47037.0,46886.0,46838.0,46733.0,4.46999979019165,4.46999979019165,4.480000019073486,4.489999771118164,4.489999771118164,5.939999580383301,5.894999980926514,5.894999980926514,5.909999847412109,5.909999847412109
2012-07-01,1.7999999523162842,1.06,34.8840669588,145.5,13.0,13.25,13.0625,13.1875,13.875,250434.0,248643.0,247682.0,25297.0,251611.0,46215.0,46314.0,46293.0,46435.0,46436.0,4.53000020980835,4.53000020980835,4.53000020980835,4.53000020980835,4.53000020980835,5.949999809265137,5.949999809265137,5.949999809265137,5.949999809265137,5.949999809265137
2012-08-01,2.049999952316284,1.05,35.7419679508,157.4,13.5625,13.4375,14.0,13.9375,13.875,253776.0,256441.0,257816.0,258501.0,257322.0,46807.0,46727.0,45009.0,45032.0,45037.0,4.590000152587891,4.590000152587891,4.590000152587891,4.590000152587891,4.590000152587891,6.255000114440918,6.194999694824219,6.184999942779541,6.194999694824219,6.244999885559082
2012-09-01,1.5499999523162842,1.03636,39.8363532095,149.0,14.0,13.9375,14.3125,14.0625,14.8125,263314.0,263169.0,262778.0,262918.0,26108.0,45168.0,45152.0,45162.0,45205.0,45264.0,4.639999866485596,4.639999866485596,4.650000095367432,4.650000095367432,4.659999847412109,6.329999923706055,6.340000152587891,6.340000152587891,6.329999923706055,6.319999694824219
2012-10-01,1.5,1.27778,34.8840669588,146.9,14.625,14.5625,14.375,14.75,15.3125,269906.0,269365.0,269069.0,268131.0,267785.0,45089.0,45107.0,44975.0,45020.0,45130.0,4.699999809265137,4.699999809265137,4.699999809265137,4.699999809265137,4.710000038146973,6.25,6.25,6.239999771118164,6.180000305175781,6.170000076293945
2012-11-01,2.0,0.0,35.1448399756,145.7,15.1875,15.1875,15.1875,15.1875,15.125,27472.0,273947.0,274126.0,273057.0,272009.0,45270.0,45219.0,45273.0,45388.0,45402.0,4.769999980926514,4.769999980926514,4.769999980926514,4.769999980926514,4.769999980926514,6.329999923706055,6.319999694824219,6.329999923706055,6.289999961853027,6.319999694824219
2012-12-01,1.600000023841858,0.0,37.3544906594,142.5,15.1875,15.4375,15.1875,15.25,15.75,288373.0,288737.0,289559.0,289225.0,29137.0,45293.0,45315.0,45289.0,45291.0,45397.0,4.840000152587891,4.840000152587891,4.849999904632568,4.849999904632568,4.860000133514404,6.430000305175781,6.430000305175781,6.430000305175781,6.430000305175781,6.460000038146973
2013-01-01,2.0,0.0,37.1711962913,147.2,15.25,15.25,15.6875,15.1875,14.8125,305407.0,305685.0,302573.0,301269.0,301215.0,43232.0,43196.0,43047.0,43046.0,42971.0,4.920000076293945,4.929999828338623,4.929999828338623,4.929999828338623,4.929999828338623,6.899999618530273,7.060000419616699,7.029999732971191,7.029999732971191,7.039999961853027
2013-02-01,1.7999999523162842,0.0,35.3387085414,146.4,14.6875,14.875,14.6875,15.0,14.5625,289527.0,28882.0,28835.0,288756.0,28917.0,42648.0,42657.0,42673.0,42568.0,42405.0,4.980000019073486,4.980000019073486,4.980000019073486,4.989999771118164,4.989999771118164,7.909999847412109,7.710000038146973,7.574999809265137,7.689999580383301,7.664999961853027
2013-03-01,2.0,0.0,33.0158932122,143.6,14.5625,14.5625,14.625,14.75,14.9375,300266.0,300562.0,300361.0,298337.0,298108.0,41576.0,41518.0,41502.0,41492.0,41456.0,5.050000190734863,5.050000190734863,5.059999942779541,5.059999942779541,5.059999942779541,7.829999923706055,7.810000419616699,7.810000419616699,7.819999694824219,7.810000419616699
2013-04-01,1.7999999523162842,0.0,33.4504761316,136.5,14.625,15.0,15.0625,15.25,15.1875,306334.0,305591.0,303549.0,302725.0,302999.0,40413.0,40384.0,40451.0,40413.0,40450.0,5.130000114440918,5.130000114440918,5.139999866485596,5.130000114440918,5.139999866485596,8.274999618530273,8.309999465942383,8.385000228881836,8.315000534057617,8.354999542236328
2013-05-01,1.7000000476837158,0.0,34.2047047399,132.8,15.6875,15.1875,15.3125,15.25,15.5,295803.0,296781.0,29666.0,296085.0,300154.0,39559.0,39440.0,39443.0,39361.0,39280.0,5.190000057220459,5.199999809265137,5.210000038146973,5.210000038146973,5.210000038146973,9.614999771118164,9.860000610351562,9.850000381469727,10.059999465942383,10.424999237060547
2013-06-01,2.0999999046325684,0.0,34.925913459,149.4,16.25,16.8125,16.5,16.0,16.6875,309305.0,308608.0,309214.0,312931.0,314.0,38616.0,38520.0,38514.0,38520.0,38598.0,5.289999961853027,5.289999961853027,5.289999961853027,5.300000190734863,5.300000190734863,8.575000762939453,8.475000381469727,8.524999618530273,8.545000076293945,8.545000076293945
2013-07-01,2.4000000953674316,0.0,35.2848139617,155.9,17.3125,17.125,16.75,17.3125,17.125,314997.0,321382.0,323229.0,323827.0,325256.0,37132.0,37156.0,37213.0,37205.0,37130.0,5.389999866485596,5.389999866485596,5.400000095367432,5.409999847412109,5.400000095367432,7.954999923706055,7.904999732971191,7.925000190734863,7.954999923706055,7.944999694824219
2013-08-01,2.0,0.0,34.5813222168,168.0,17.6875,17.25,17.6875,17.625,17.5,329333.0,329302.0,328744.0,329995.0,330146.0,37034.0,37089.0,37084.0,37026.0,37022.0,5.510000228881836,5.519999980926514,5.519999980926514,5.53000020980835,5.53000020980835,8.514999389648438,8.53499984741211,8.53499984741211,8.555000305175781,8.575000762939453
2013-09-01,2.0,0.0,31.4658266921,156.3,17.75,17.9375,17.8125,18.3125,18.3125,329808.0,331305.0,331374.0,333991.0,334005.0,36676.0,36722.0,36668.0,36708.0,36717.0,5.679999828338623,5.690000057220459,5.699999809265137,5.710000038146973,5.699999809265137,9.194999694824219,9.174999237060547,9.174999237060547,9.204999923706055,9.194999694824219
2013-10-01,2.75,0.0,32.8256149359,150.7,18.4375,18.0625,18.875,19.0,18.8125,337997.0,338653.0,338979.0,340778.0,340854.0,34825.0,34714.0,34615.0,34746.0,34707.0,5.800000190734863,5.800000190734863,5.809999942779541,5.809999942779541,5.820000171661377,9.504999160766602,9.545000076293945,9.575000762939453,9.524999618530273,9.524999618530273
2013-11-01,2.6500000953674316,0.0,31.250247662,148.4,18.8125,18.375,19.3125,19.125,19.25,342132.0,340503.0,342621.0,343208.0,341477.0,33312.0,33236.0,33070.0,33055.0,32966.0,5.920000076293945,5.940000057220459,5.949999809265137,5.940000057220459,5.960000038146973,9.905000686645508,9.854999542236328,9.805000305175781,9.805000305175781,9.764999389648438
2013-12-01,2.799999952316284,0.0,32.7299843543,147.0,19.3125,20.1875,19.5,19.1875,20.5,351871.0,352022.0,353834.0,363941.0,353762.0,30665.0,30589.0,30509.0,30383.0,30467.0,6.150000095367432,6.170000076293945,6.199999809265137,6.21999979019165,6.239999771118164,9.155000686645508,9.274999618530273,9.594999313354492,9.664999961853027,9.475000381469727
2014-01-01,4.5,0.0,35.3054300412,148.7,21.0,21.5,21.3125,20.6875,20.875,37816.0,376497.0,375463.0,374165.0,371632.0,30586.0,30529.0,30352.0,30437.0,30230.0,6.539999961853027,6.559999942779541,6.590000152587891,6.599999904632568,6.599999904632568,10.145000457763672,10.274999618530273,10.444999694824219,10.875,10.725000381469727
2014-02-01,5.800000190734863,0.0,37.5971698157,145.7,24.375,25.5625,25.875,25.5,25.5,360675.0,358249.0,349439.0,35111.0,349349.0,27795.0,27779.0,27774.0,27735.0,27784.0,8.020000457763672,8.010000228881836,7.96999979019165,7.909999847412109,7.860000133514404,11.800000190734863,12.050000190734863,12.050000190734863,12.149999618530273,12.024999618530273
2014-03-01,3.799999952316284,0.0,41.3186928726,142.6,25.5625,26.125,26.0,26.0625,26.3125,34936.0,351175.0,353422.0,354643.0,354166.0,27646.0,27644.0,27636.0,27610.0,27618.0,7.880000114440918,7.880000114440918,7.869999885559082,7.869999885559082,7.869999885559082,10.524999618530273,10.975000381469727,11.0,10.899999618530273,10.800000190734863
2014-04-01,2.5999999046325684,0.0,38.6354873433,138.0,26.375,26.5,25.875,26.1875,26.9375,363756.0,359207.0,359061.0,360888.0,364627.0,26989.0,26729.0,27213.0,27331.0,27469.0,8.0,8.0,8.0,8.0,8.0,10.75,10.699999809265137,10.649999618530273,10.550000190734863,10.289999961853027
2014-05-01,2.549999952316284,0.0,37.5390906367,132.5,25.25,25.6875,25.0,25.1875,24.625,359549.0,360311.0,360459.0,362551.0,362226.0,28249.0,28297.0,28307.0,28323.0,28336.0,8.0,8.0,8.0,8.0,8.0,10.449999809265137,10.5,10.649999618530273,10.680000305175781,10.649999618530273
2014-06-01,2.049999952316284,0.0,38.56671877,144.5,24.25,24.4375,23.8125,23.5,23.75,365594.0,366652.0,37021.0,36967.0,364532.0,28599.0,28627.0,28639.0,28635.0,28623.0,8.079999923706055,8.09000015258789,8.100000381469727,8.119999885559082,8.140000343322754,11.350000381469727,11.449999809265137,11.5,11.5,11.5
2014-07-01,2.0999999046325684,0.0,35.2444520066,152.3,22.375,22.5625,22.75,22.1875,22.4375,382719.0,3857.0,393233.0,393392.0,394783.0,29339.0,29352.0,29478.0,29478.0,29537.0,8.130000114440918,8.140000343322754,8.140000343322754,8.140000343322754,8.140000343322754,12.0,11.949999809265137,11.899999618530273,11.899999618530273,11.899999618530273
2014-08-01,2.4000000953674316,0.0,37.3816159894,164.2,21.125,21.375,21.6875,21.5,21.375,389897.0,389441.0,389325.0,387128.0,387901.0,28997.0,28893.0,28928.0,28932.0,28957.0,8.220000267028809,8.25,8.270000457763672,8.270000457763672,8.270000457763672,12.75,12.649999618530273,12.649999618530273,12.75,12.75
2014-09-01,2.6500000953674316,0.0,36.9843302743,153.8,21.0625,20.875,20.5,21.0,20.5625,405966.0,406699.0,404958.0,407031.0,406292.0,28614.0,28551.0,28507.0,28471.0,28385.0,8.40999984741211,8.40999984741211,8.40999984741211,8.399999618530273,8.40999984741211,14.149999618530273,14.199999809265137,14.149999618530273,13.949999809265137,13.949999809265137
2014-10-01,1.5999999046325684,0.0,41.0970607826,145.4,20.125,19.8125,19.75,19.875,19.9375,41207.0,406542.0,406013.0,404747.0,407712.0,27921.0,27948.0,27785.0,27762.0,27734.0,8.449999809265137,8.449999809265137,8.460000038146973,8.460000038146973,8.470000267028809,15.550000190734863,15.449999809265137,15.25,14.899999618530273,14.649999618530273
2014-11-01,1.649999976158142,0.0,39.1004850799,140.1,19.5,20.1875,19.5,19.8125,19.6875,413948.0,413963.0,416246.0,417909.0,419121.0,28077.0,28068.0,28075.0,28108.0,28170.0,8.510000228881836,8.510000228881836,8.510000228881836,8.510000228881836,8.510000228881836,13.850000381469727,13.550000190734863,13.449999809265137,13.449999809265137,13.050000190734863
2014-12-01,1.5,0.0,37.5540110276,141.7,20.4375,19.6875,19.8125,19.625,19.5,434222.0,437391.0,437124.0,433521.0,433915.0,28941.0,28897.0,28909.0,28905.0,28931.0,8.529999732971191,8.539999961853027,8.539999961853027,8.539999961853027,8.550000190734863,13.050000190734863,12.949999809265137,13.0,12.869999885559082,12.729999542236328
2015-01-01,1.75,0.0,35.8321987697,143.3,20.3125,19.8125,20.125,20.3125,20.0,465862.0,464979.0,465009.0,458744.0,460792.0,31337.0,31313.0,31315.0,31248.0,31073.0,8.550000190734863,8.5600004196167,8.569999694824219,8.579999923706055,8.59000015258789,13.75,13.699999809265137,13.699999809265137,13.699999809265137,13.720000267028809
2015-02-01,1.75,0.0,31.2954455477,140.9,20.5,21.0625,20.5,20.3125,20.75,449385.0,445947.0,449754.0,451959.0,452703.0,31403.0,31240.0,31239.0,31269.0,31284.0,8.649999618530273,8.65999984741211,8.65999984741211,8.65999984741211,8.65999984741211,13.329999923706055,13.260000228881836,13.25,13.199999809265137,13.149999618530273
2015-03-01,1.899999976158142,0.0,29.618846994,140.4,20.0,21.0,20.8125,21.0625,20.9375,457556.0,457185.0,453438.0,45092.0,448451.0,31467.0,31458.0,31449.0,31440.0,31405.0,8.729999542236328,8.739999771118164,8.739999771118164,8.75,8.760000228881836,12.949999809265137,12.880000114440918,12.880000114440918,12.800000190734863,12.760000228881836
2015-04-01,2.0999999046325684,0.0,29.5689435271,134.0,20.5625,20.625,21.4375,20.375,21.375,466366.0,459867.0,459329.0,45897.0,462889.0,31505.0,31510.0,31513.0,31516.0,31516.0,8.829999923706055,8.829999923706055,8.829999923706055,8.84000015258789,8.84000015258789,12.5,12.440000534057617,12.329999923706055,12.399999618530273,12.34000015258789
2015-05-01,2.0999999046325684,0.0,30.5603568147,132.6,20.125,20.5,20.0625,20.375,20.0,47105.0,468356.0,465817.0,465781.0,46975.0,33910.0,33901.0,33905.0,33874.0,33852.0,8.90999984741211,8.90999984741211,8.920000076293945,8.920000076293945,8.930000305175781,12.559999465942383,12.529999732971191,12.550000190734863,12.539999961853027,12.520000457763672
2015-06-01,1.25,0.0,27.5040202962,149.4,20.75,20.8125,20.25,20.8125,20.5625,478884.0,481242.0,475267.0,484756.0,482913.0,33283.0,33288.0,33280.0,33306.0,33285.0,9.0,9.0,9.010000228881836,9.010000228881836,9.010000228881836,12.579999923706055,12.600000381469727,12.610000610351562,12.59000015258789,12.600000381469727
2015-07-01,2.1500000953674316,0.0,30.539026633,157.5,20.0,20.9375,20.0625,20.3125,20.375,500332.0,504672.0,510594.0,509609.0,513816.0,33847.0,33850.0,33849.0,33834.0,33829.0,9.09000015258789,9.100000381469727,9.100000381469727,9.109999656677246,9.109999656677246,13.5,13.5,13.404999732971191,13.354999542236328,13.46500015258789
2015-08-01,1.8499999046325684,0.0,27.6953847028,168.9,20.9375,20.9375,20.8125,20.5,20.75,531539.0,540908.0,53601.0,533181.0,531891.0,33915.0,33888.0,33849.0,33837.0,33837.0,9.1899995803833,9.199999809265137,9.199999809265137,9.210000038146973,9.210000038146973,14.815000534057617,14.824999809265137,14.875,14.904999732971191,14.845000267028809
2015-09-01,2.0500001907348633,0.0,26.2754795481,162.9,21.25,20.875,21.25,20.9375,20.75,532788.0,531425.0,530974.0,534587.0,534713.0,33582.0,33569.0,33542.0,33552.0,33546.0,9.300000190734863,9.3100004196167,9.319999694824219,9.319999694824219,9.329999923706055,15.434999465942383,15.545000076293945,15.585000038146973,15.404999732971191,15.375
2015-10-01,1.5499999523162842,0.0,30.7318661329,151.8,21.4375,21.125,21.375,21.625,20.4375,541547.0,539362.0,546926.0,546202.0,547052.0,32470.999999999996,32462.000000000004,27713.0,27722.0,27691.0,9.430000305175781,9.4399995803833,9.4399995803833,9.449999809265137,9.449999809265137,15.805000305175781,15.815000534057617,15.725000381469727,15.664999961853027,15.675000190734863
2015-11-01,2.450000047683716,0.0,27.464381588,146.5,22.375,23.75,22.875,22.9375,22.625,561158.0,560592.0,563935.0,56739.0,568409.0,26938.0,26877.0,26807.0,26710.0,26440.0,9.550000190734863,9.5600004196167,9.569999694824219,9.579999923706055,9.59000015258789,15.555000305175781,15.434999465942383,15.385000228881836,15.065000534057617,14.375
2015-12-01,5.199999809265137,0.0,22.1532643673,145.9,24.75,23.75,24.5625,23.9375,23.8125,611051.0,610863.0,618454.0,612316.0,629249.0,25410.0,25184.0,25046.0,25030.0,25092.0,9.699999809265137,9.710000038146973,9.720000267028809,9.729999542236328,9.739999771118164,14.414999961853027,14.725000381469727,14.654999732971191,14.735000610351562,14.654999732971191
2016-01-01,4.149999618530273,0.0,30.5232259032,147.0,27.125,27.125,25.375,26.625,25.75,620295.0,62207.0,604698.0,60674.0,612384.0,25515.0,25512.0,25668.0,25671.0,25559.0,13.069999694824219,13.460000038146973,13.84000015258789,13.9399995803833,13.869999885559082,14.125,14.21500015258789,14.229999542236328,14.239999771118164,14.25
2016-02-01,3.3499999046325684,0.0,26.8934882402,146.2,26.6875,26.8125,25.9375,26.25,26.5625,587033.0,587238.0,582437.0,574931.0,569553.0,29985.0,29928.0,29892.0,29835.0,29674.0,14.09000015258789,14.140000343322754,14.140000343322754,14.1899995803833,14.3100004196167,14.199999809265137,14.100000381469727,14.190000534057617,14.199999809265137,14.210000038146973
2016-03-01,3.0999999046325684,0.0,33.6486377408,141.9,26.75,27.75,30.5,28.5,29.6875,579175.0,589728.0,597517.0,593553.0,593431.0,28195.0,28124.0,28121.0,28215.0,28167.0,15.920000076293945,15.6899995803833,15.449999809265137,15.199999809265137,15.34000015258789,15.75,15.649999618530273,15.510000228881836,15.520000457763672,15.529999732971191
2016-04-01,4.949999809265137,0.0,31.3928948843,134.7,29.8125,29.875,30.375,30.375,30.625,61001.0,604923.0,600988.0,588475.0,590235.0,29407.0,29421.0,29544.0,29462.0,29557.0,14.699999809265137,14.779999732971191,14.680000305175781,14.6899995803833,14.529999732971191,15.010000228881836,14.989999771118164,14.899999618530273,14.779999732971191,14.75
2016-05-01,4.599999904632568,0.0,35.951784482,134.2,30.5625,30.6875,30.5625,30.8125,31.125,598835.0,596967.0,59908.0,599384.0,592367.0,34314.0,34220.0,31518.0,31392.0,31311.0,14.260000228881836,14.210000038146973,14.210000038146973,14.25,14.239999771118164,14.460000038146973,14.460000038146973,14.470000267028809,14.380000114440918,14.34000015258789
2016-06-01,2.3499999046325684,0.0,32.3939148997,150.1,30.625,31.3125,29.875,30.1875,30.5625,612292.0,60961.0,61137.0,611881.0,609767.0,30742.0,30757.0,31033.0,30936.0,30849.0,13.949999809265137,13.930000305175781,13.880000114440918,13.779999732971191,13.800000190734863,14.229999542236328,14.15999984741211,14.079999923706055,13.960000038146973,13.989999771118164
2016-07-01,2.25,2.29809523809523,32.9358692643,153.3,26.6875,26.375,26.5,26.375,26.1875,687519.0,682619.0,666568.0,679934.0,683152.0,30749.0,30768.0,30737.0,33425.0,33673.0,15.119999885559082,15.069999694824219,15.020000457763672,14.760000228881836,14.6899995803833,14.850000381469727,14.889999389648438,14.800000190734863,14.710000038146973,14.649999618530273
2016-08-01,-0.09999999403953552,2.01103448275862,29.7850316615,163.5,25.5,25.5,24.9375,25.3125,25.1875,687837.0,683838.0,671569.0,673429.0,674486.0,32628.0,32618.000000000004,32497.0,32479.0,32453.000000000004,14.989999771118164,14.850000381469727,14.869999885559082,14.880000114440918,14.850000381469727,15.289999961853027,15.139999389648438,15.119999885559082,15.130000114440918,15.039999961853027
2016-09-01,1.5,1.52571428571428,30.8580261045,153.7,23.875,23.5625,23.625,23.875,23.5625,705806.0,692521.0,693019.0,682648.0,695555.0,31102.0,31070.0,31126.0,31324.0,31330.0,14.880000114440918,14.899999618530273,15.0,15.010000228881836,15.029999732971191,15.079999923706055,15.190000534057617,15.180000305175781,15.15999984741211,15.100000381469727
2016-10-01,2.4000000953674316,1.87222222222222,29.8389671562,143.7,22.125,22.375,22.375,22.4375,22.1875,686816.0,687644.0,692655.0,692582.0,707006.0,32296.0,32469.0,32509.999999999996,32469.0,32533.0,15.229999542236328,15.180000305175781,15.180000305175781,15.220000267028809,15.210000038146973,15.460000038146973,15.369999885559082,15.399999618530273,15.369999885559082,15.350000381469727
2016-11-01,1.649999976158142,1.61333333333333,27.6217981007,143.7,21.6875,21.75,21.5,21.625,21.5,717898.0,704074.0,704798.0,721518.0,723317.0,37533.0,37622.0,37616.0,37940.0,37691.0,15.130000114440918,15.079999923706055,15.130000114440918,15.069999694824219,15.039999961853027,15.229999542236328,15.199999809265137,15.170000076293945,15.220000267028809,15.270000457763672
2016-12-01,1.0499999523162842,1.63499999999999,30.4404635186,142.0,20.25,20.3125,20.4375,20.5,20.375,75856.0,756807.0,761439.0,757268.0,772365.0,37275.0,37536.0,37537.0,37592.0,37811.0,15.869999885559082,15.880000114440918,15.9399995803833,15.869999885559082,15.960000038146973,16.049999237060547,16.149999618530273,16.079999923706055,15.930000305175781,16.099998474121094
2017-01-01,1.6,1.75074074074074,28.8629447002,141.1,19.8125,20.125,19.875,19.75,19.875,854951.0,856528.0,852336.0,843142.0,840119.0,39296.0,39486.0,39580.0,39856.0,39802.0,15.920000076293945,15.899999618530273,16.049999237060547,15.989999771118164,15.850000381469727,16.790000915527344,16.90999984741211,16.759998321533203,16.670000076293945,16.65999984741211
2017-02-01,2.1,1.72413793103448,29.2283775353,144.9,20.1875,20.25,20.0,19.625,20.0625,830588.0,823925.0,824726.0,829162.0,846685.0,46750.0,46647.0,46653.0,46705.0,46743.0,15.84000015258789,15.720000267028809,15.649999618530273,15.619999885559082,15.720000267028809,16.40999984741211,16.310001373291016,16.279998779296875,16.279998779296875,16.290000915527344
2017-03-01,2.4,1.76961538461538,31.2151674562,142.6,20.125,19.75,19.6875,19.875,19.6875,854352.0,849511.0,829443.0,807023.0,781986.0,50551.0,51114.0,51010.0,51495.0,51457.0,15.479999542236328,15.390000343322754,15.449999809265137,15.4399995803833,15.5,16.040000915527344,15.819999694824219,15.869999885559082,15.899999618530273,15.889999389648438
2017-04-01,2.7,1.91374999999999,31.3136999312,136.7,18.6875,19.0625,18.8125,18.9375,18.75,793132.0,786106.0,778071.0,778919.0,779781.0,51851.0,51885.0,51926.0,52008.0,52091.0,15.420000076293945,15.380000114440918,15.350000381469727,15.40999984741211,15.369999885559082,15.789999961853027,15.680000305175781,15.670000076293945,15.670000076293945,15.489999771118164
2017-05-01,1.4,1.60260869565217,27.4238135015,132.6,19.3125,19.5625,19.6875,19.4375,19.5,820133.0,81779.0,813496.0,814964.0,801198.0,48227.0,48361.0,48336.0,48360.0,48032.0,15.329999923706055,15.270000457763672,15.369999885559082,15.34000015258789,15.390000343322754,15.770000457763672,15.690000534057617,15.710000038146973,15.710000038146973,15.809999465942383
2017-06-01,1.2,1.48,27.9484089284,152.1,19.4375,19.5625,19.625,19.75,19.625,787403.0,78571.0,781772.0,801773.0,817715.0,45082.0,45070.0,45142.0,45093.0,45080.0,16.059999465942383,16.030000686645508,16.030000686645508,16.010000228881836,16.010000228881836,16.099998474121094,16.119998931884766,16.139999389648438,16.18000030517578,16.15999984741211
2017-07-01,1.7,1.43571428571428,27.2578096452,152.2,19.6875,20.1875,19.875,20.0625,20.0,861792.0,862607.0,852826.0,854996.0,856485.0,47819.0,47761.0,47793.0,47995.0,48569.0,16.68000030517578,16.8700008392334,17.0,17.149999618530273,16.969999313354492,16.709999084472656,16.759998321533203,17.009998321533203,17.049999237060547,17.0
2017-08-01,1.4,1.44560975609756,29.3052829427,167.4,20.8125,20.125,20.6875,20.375,20.25,870966.0,870605.0,87128.0,867815.0,87013.0,46840.0,46821.0,46770.0,49305.0,49081.0,17.610000610351562,17.559999465942383,17.639999389648438,17.649999618530273,17.700000762939453,17.889999389648438,18.060001373291016,17.979999542236328,17.950000762939453,17.990001678466797
2017-09-01,1.9,1.33214285714285,27.9154857158,161.7,20.875,20.75,21.25,21.0,21.25,865617.0,868262.0,873018.0,866696.0,860005.0,49433.0,49477.0,51296.0,51317.0,51240.0,17.239999771118164,17.239999771118164,17.260000228881836,17.219999313354492,17.219999313354492,17.950000762939453,17.900001525878906,17.790000915527344,17.75,17.630001068115234
2017-10-01,1.5,1.3895652173913,25.1206331683,149.8,21.125,21.875,21.25,21.1875,21.1875,891638.0,885708.0,902049.0,903674.0,895331.0,50646.0,50655.0,50726.0,50847.0,50860.0,17.350000381469727,17.43000030517578,17.360000610351562,17.34000015258789,17.510000228881836,17.759998321533203,17.700000762939453,17.619998931884766,17.599998474121094,17.595001220703125
2017-11-01,1.4,1.58617021276595,27.6621771826,149.4,21.75,22.625,22.0625,22.0,22.375,906649.0,919768.0,91784.0,917895.0,915529.0,52124.0,52210.0,52066.0,51563.0,51599.0,17.649999618530273,17.56999969482422,17.559999465942383,17.670000076293945,17.559999465942383,17.829999923706055,17.829999923706055,17.810001373291016,17.799999237060547,17.700000762939453
2017-12-01,3.1,2.06479166666666,24.7308078228,146.7,22.4375,23.125,23.9375,23.375,22.875,931301.0,932681.0,937979.0,937721.0,947103.0,54905.0,54849.0,54749.0,54816.0,55163.0,17.260000228881836,17.260000228881836,17.350000381469727,17.290000915527344,17.309999465942383,17.810001373291016,17.869998931884766,17.759998321533203,17.75,17.68000030517578
2018-01-01,1.8,1.64555555555555,29.1434357419,149.6,23.0625,23.25,23.125,23.1875,22.875,1078571.0,1062257.0,1045362.0,1039731.0,1026705.0,55731.0,55706.0,55623.0,55459.0,55261.0,18.549999237060547,18.420000076293945,18.610000610351562,18.860000610351562,19.06999969482422,19.049999237060547,19.09000015258789,19.209999084472656,19.25,19.380001068115234
2018-02-01,2.4,2.14599999999999,28.4343624722,152.4,22.6875,22.8125,22.6875,22.8125,22.5625,1025020.0,1023959.0,1032983.0,1027403.0,1069189.0,62174.0,62216.0,62228.0,62367.0,62622.0,19.469999313354492,19.5,19.530000686645508,19.690000534057617,19.6200008392334,19.729999542236328,19.720001220703125,19.720001220703125,19.689998626708984,19.650001525878906
2018-03-01,2.3,1.7201923076923,27.021443362,146.1,22.875,22.9375,22.75,23.0625,22.625,1068068.0,1080581.0,1040540.0,1037274.0,1039916.0,61450.0,61767.0,61707.0,62456.0,62610.0,20.15999984741211,20.229999542236328,20.290000915527344,20.200000762939453,20.350000381469727,20.200000762939453,20.299999237060547,20.349998474121094,20.450000762939453,20.479999542236328
2018-04-01,2.7,2.061,29.217692108,142.7,22.75,22.8125,22.875,22.625,22.6875,1079997.0,1081293.0,1052861.0,1036337.0,1021038.0,61548.0,61566.0,61667.0,61610.0,61668.0,20.15999984741211,20.200000762939453,20.18000030517578,20.209999084472656,20.190000534057617,20.619998931884766,20.400001525878906,20.450000762939453,20.439998626708984,20.40999984741211
2018-05-01,2.1,1.70577777777777,33.1138405183,139.1,23.5,23.75,25.75,26.0625,28.25,1054561.0,1046478.0,1049846.0,1021116.0,1001431.0,55998.0,56147.0,56015.0,55593.0,55196.0,20.969999313354492,21.75,21.700000762939453,21.829999923706055,22.760000228881836,21.299999237060547,23.299999237060547,22.0,22.200000762939453,22.700000762939453
2018-06-01,3.7,2.46288461538461,33.3395195469,155.6,29.25,28.8125,29.4375,29.3125,29.1875,1038765.0,1053728.0,1060698.0,1062166.0,1063533.0,50213.0,49928.0,49958.0,50040.0,49851.0,24.959999084472656,24.959999084472656,24.969999313354492,24.920000076293945,24.969999313354492,25.600000381469727,25.600000381469727,25.5,25.149999618530273,25.25
2018-07-01,3.1,2.6335294117647,35.8263425979,151.6,33.0,33.75,33.375,33.9375,33.8125,1138353.0,1094382.0,1110104.0,1153613.0,1115590.0,61234.0,61093.0,61085.0,60943.0,60922.0,28.719999313354492,27.940000534057617,28.030000686645508,28.170000076293945,28.079999923706055,28.799999237060547,28.5,28.459999084472656,28.399999618530273,28.399999618530273
2018-08-01,3.9,2.38235294117647,32.1600777006,159.1,35.125,34.9375,34.375,34.5625,34.8125,1117244.0,1134127.0,1153119.0,1160165.0,1160744.0,57828.0,57741.0,57799.0,57689.0,57657.0,27.510000228881836,27.600000381469727,27.3799991607666,27.3700008392334,27.270000457763672,27.950000762939453,27.899999618530273,27.850000381469727,27.799999237060547,27.799999237060547
2018-09-01,6.5,3.992,35.2513598614,151.5,39.0,40.0625,40.3125,40.5625,40.5625,1234645.0,1235916.0,1253884.0,1298883.0,1326242.0,52390.0,51446.0,51056.0,51144.0,51214.0,38.029998779296875,39.22999954223633,38.810001373291016,37.689998626708984,36.9900016784668,37.70000076293945,39.0,38.20000076293945,37.599998474121094,37.0
2018-10-01,5.4,4.10295454545454,40.3510119703,145.8,45.4375,47.875,47.25,48.6875,48.6875,1286207.0,1239180.0,1247746.0,1257572.0,1280236.0,48855.0,48912.0,48963.0,49014.0,49141.0,40.34000015258789,38.15999984741211,37.61000061035156,38.52000045776367,38.02000045776367,39.0,37.5,38.0,37.79999923706055,37.5
2018-11-01,3.2,3.28365384615384,39.9013708324,147.0,53.625,51.25,51.6875,52.125,52.0625,1244047.0,1231563.0,1175074.0,1274729.0,1275024.0,54220.0,54255.0,54066.0,53376.0,53242.0,35.7400016784668,35.59000015258789,35.54999923706055,35.7599983215332,35.61000061035156,35.25,35.25,34.599998474121094,34.5,34.5
2018-12-01,2.6,2.764,38.3364529717,137.9,49.25,50.1875,49.1875,49.25,48.875,1246097.0,1219788.0,1193726.0,1205849.0,1235981.0,51296.0,51122.0,50272.0,49995.0,50065.0,36.88999938964844,37.060001373291016,37.939998626708984,37.86000061035156,37.36000061035156,36.0,36.0,36.0,36.5,36.5
2019-01-01,2.9,2.58020833333333,35.6823682958,143.6,47.0,47.5,46.9375,47.25,47.0625,1385096.0,1354135.0,1345571.0,1333701.0,1342767.0,65825.0,65817.0,65716.0,65736.0,65818.0,37.93000030517578,37.54999923706055,37.38999938964844,37.36000061035156,37.369998931884766,39.5,39.25,39.0,38.5,38.25
2019-02-01,3.8,2.54673076923076,39.2313478057,141.2,42.5625,42.375,41.4375,40.8125,39.4375,1441458.0,1408659.0,1382286.0,1370908.0,1339313.0,66843.0,66845.0,66962.0,67001.0,66980.0,37.2400016784668,37.2400016784668,37.20000076293945,37.43000030517578,37.900001525878906,36.75,36.5,36.29999923706055,36.25,37.25
2019-03-01,4.7,3.43905660377358,36.8511393506,135.7,36.625,36.5625,37.3125,39.125,39.5625,1403592.0,1366894.0,1305690.0,1287055.0,1254877.0,68345.0,68352.0,68421.0,68578.0,68526.0,39.45000076293945,40.47999954223633,41.22999954223633,41.29999923706055,40.869998931884766,38.0,39.5,42.0,40.5,40.5
2019-04-01,3.4,3.73,40.8389698579,134.6,46.125,48.5,48.5,47.25,47.6875,1362163.0,1349648.0,1347035.0,1318691.0,1288954.0,66213.0,66263.0,66375.0,66623.0,66662.0,42.81999969482422,42.650001525878906,43.25,43.689998626708984,43.79999923706055,43.0,43.0,43.150001525878906,43.5,43.5
2019-05-01,3.1,3.98098039215686,40.5956967368,132.6,50.375,52.125,52.0,53.3125,52.0,1397243.0,1395528.0,1372632.0,1371937.0,1327565.0,71529.0,71295.0,70860.0,68931.0,68758.0,44.75,44.41999816894531,44.900001525878906,44.900001525878906,45.040000915527344,45.75,45.150001525878906,46.0,45.5,45.5
2019-06-01,2.7,3.08604166666666,36.6279880637,144.4,52.9375,53.3125,52.6875,52.9375,52.6875,1405000.0,1390802.0,1348276.0,1286790.0,1295067.0,64782.0,64751.00000000001,64661.0,64660.0,64757.00000000001,44.869998931884766,44.7599983215332,44.79999923706055,44.97999954223633,44.880001068115234,45.349998474121094,45.25,44.849998474121094,44.900001525878906,44.95000076293945
2019-07-01,2.2,2.60259751642074,34.4980173258,149.8,47.6875,48.0,48.4375,48.4375,48.0625,1412781.0,1384200.0,1325556.0,1341260.0,1345343.0,64147.99999999999,64123.00000000001,64108.00000000001,64095.0,63743.0,42.13999938964844,42.470001220703125,42.09000015258789,41.7599983215332,41.97999954223633,42.70000076293945,42.75,42.29999923706055,42.150001525878906,42.150001525878906
2019-08-01,4.0,2.372573924616537,31.9066367895,162.8,49.8125,49.8125,50.4375,51.5625,52.375,1315810.0,1325578.0,1351787.0,1350016.0,1354564.0,67760.0,67559.0,67043.0,66464.0,66399.0,44.31999969482422,44.70000076293945,45.439998626708984,45.349998474121094,45.689998626708984,44.68000030517578,45.150001525878906,45.849998474121094,45.650001525878906,45.75
2019-09-01,5.9,4.42903918765069,34.700338527,151.3,59.1875,60.6875,59.875,60.4375,60.9375,1577889.0,1531769.0,1496370.0,1462572.0,1423441.0,53146.0,52151.0,51741.0,51295.0,50952.0,57.09000015258789,55.779998779296875,55.939998626708984,56.0,55.90999984741211,61.5,59.0,56.5,56.5,57.0
2019-10-01,3.3,5.74671565746414,33.1496931682,146.2,59.9375,59.375,59.1875,57.875,57.75,1336755.0,1320603.0,1332863.0,1335443.0,1328692.0,48488.0,48346.0,48248.0,48177.0,48075.0,57.70000076293945,57.88999938964844,57.7599983215332,57.709999084472656,57.869998931884766,59.25,60.0,59.5,59.75,59.75
2019-11-01,4.3,4.401506008938767,31.2389829059,141.6,48.4375,47.6875,47.625,46.5,47.5,1449073.0,1438081.0,1417718.0,1430035.0,1462649.0,43292.0,43324.0,43381.0,43106.0,43338.0,59.7599983215332,59.7599983215332,59.68000030517578,59.599998474121094,59.540000915527344,66.0,64.0,63.0,63.5,62.5
2019-12-01,3.7,4.107655935569757,32.7002356124,135.1,44.1875,44.3125,43.5,43.9375,42.6875,1659318.0,1592292.0,1519973.0,1544999.0,1567291.0,43731.0,43750.0,43748.0,43731.0,43797.0,59.95000076293945,59.939998626708984,59.90999984741211,59.939998626708984,59.959999084472656,66.25,66.5,67.0,68.0,69.5
2020-01-01,2.3,4.202258152300132,31.6127784698,142.3,38.875,38.75,38.75,38.25,37.5625,1877287.0,1834617.0,1721191.0,1680836.0,1642612.0,44839.0,44872.0,44904.0,45080.0,45162.0,59.849998474121094,59.83000183105469,59.81999969482422,59.81999969482422,59.81999969482422,74.5,74.5,74.75,73.75,74.0
2020-02-01,2.0,3.460822362851469,31.8443876663,138.1,34.3125,34.6875,34.25,34.6875,34.125,1743752.0,1813619.0,1813917.0,1887225.0,1902031.0,44770.0,44632.0,44645.0,44666.0,44675.0,60.43000030517578,60.58000183105469,60.58000183105469,60.66999816894531,60.77000045776367,76.0,76.0,76.0,75.5,75.5
2020-03-01,3.3,2.468749101568986,35.7916388059,135.4,31.0,31.1875,30.5,30.4375,29.875,1814114.0,1738489.0,1703553.0,1703459.0,1720330.0,44803.0,44819.0,44832.0,44838.0,44857.0,62.25,62.29999923706055,62.36000061035156,62.41999816894531,62.47999954223633,76.5,76.5,76.5,76.5,76.5
2020-04-01,1.5,2.580728601446132,33.7640280451,132.2,27.0,26.125,25.75,25.125,23.0625,2392910.0,2433387.0,2433495.0,2412207.0,2449458.0,43588.0,43631.0,43650.0,43702.0,43724.0,64.52999877929688,64.72000122070312,64.91000366210938,64.98999786376953,65.06999969482422,81.5,81.0,81.0,82.5,82.5
2020-05-01,1.5,2.430546379074438,40.2740435197,129.6,21.0625,19.875,20.0625,19.8125,20.625,2411298.0,2460350.0,2356666.0,2301061.0,2285781.0,43565.0,43589.0,43400.0,43411.0,43415.0,66.93000030517578,67.01000213623047,67.0999984741211,67.19000244140625,67.27999877929688,115.0,115.0,117.0,117.0,117.0
2020-06-01,2.2,1.759991587817295,47.4164597864,128.4,28.5,29.0,29.5625,29.75,29.5625,2411499.0,2218153.0,2204817.0,2175533.0,2138987.0,42609.0,42660.0,42670.0,42748.0,42814.0,68.62999725341797,68.72000122070312,68.80999755859375,68.9000015258789,68.98999786376953,123.0,119.0,118.0,118.0,120.0
2020-07-01,1.9,1.917892834323949,44.5483969224,111.8,29.75,29.5625,29.5625,29.6875,29.75,2359097.0,2377474.0,2368607.0,2373767.0,2388267.0,43219.0,43203.0,43219.0,43253.0,43240.0,70.5199966430664,70.58000183105469,70.63999938964844,70.81999969482422,70.87999725341797,123.0,124.0,122.0,122.0,122.0
2020-08-01,2.7,2.368797804308247,43.0676048982,130.3,29.875,29.25,29.4375,29.8125,29.8125,2506974.0,2497358.0,2454570.0,2400520.0,2400520.0,43348.0,43409.0,43374.0,43344.0,43344.0,72.5199966430664,72.56999969482422,72.62000274658203,72.69999694824219,72.69999694824219,133.5,125.5,126.5,127.5,129.5
2020-09-01,2.8,2.786919220858258,44.9999071371,133.8,29.6875,29.75,30.0,29.8125,29.625,2359206.0,2411436.0,2384708.0,2384669.0,2310407.0,42700.0,42640.0,42613.0,42617.0,42643.0,74.25,74.31999969482422,74.37999725341797,74.44000244140625,74.6500015258789,131.0,131.0,132.0,130.0,129.0
2020-10-01,3.8,2.996611653969769,43.3155409627,127.6,28.875,29.6875,29.875,29.9375,29.6875,2588971.0,2404536.0,2435624.0,2452874.0,2384162.0,41369.0,41252.0,41172.0,41129.0,41132.0,76.25,76.94999694824219,77.05000305175781,77.08000183105469,77.0999984741211,144.0,147.0,147.0,149.0,152.0
2020-11-01,3.2,3.206147783022607,46.9597382067,125.4,31.75,31.75,31.4375,31.8125,31.75,2340064.0,2338313.0,2338550.0,2360225.0,2449160.0,39875.0,39882.0,39819.0,39524.0,39316.0,78.69000244140625,78.9000015258789,79.0199966430664,79.08999633789062,79.33999633789062,165.0,162.0,158.0,154.0,154.0
2020-12-01,4.0,3.652041223356361,44.4815378032,127.1,34.375,34.3125,34.1875,34.0625,34.25,2348085.0,2381678.0,2373349.0,2381734.0,2499287.0,38619.0,38622.0,38652.0,38661.0,38710.0,81.4000015258789,81.4800033569336,81.55999755859375,81.6500015258789,82.05000305175781,150.0,150.0,148.0,147.0,146.0
2021-01-01,4.0,3.852122528953511,42.8545278079,132.1,34.0625,34.3125,33.9375,33.8125,34.125,2626749.0,2619285.0,2659023.0,2683991.0,2573812.0,39501.0,39540.0,39546.0,39556.0,39462.0,84.69999694824219,84.80000305175781,84.9000015258789,85.0,85.11000061035156,162.0,157.0,157.0,159.0,158.0
2021-02-01,3.6,3.80313278897934,44.1394138832349,133.4,34.1875,34.1875,34.0,34.1875,34.0625,2604378.0,2606204.0,2610745.0,2599444.0,2586380.0,39460.0,39453.0,39473.0,39134.0,39174.0,87.61000061035156,87.69999694824219,87.80999755859375,87.91000366210938,88.01000213623047,150.5,150.5,150.5,147.5,148.5
2021-03-01,4.8,3.530523763422563,45.2380698542436,132.6,34.0625,34.0625,34.1875,33.875,33.875,2512473.0,2508545.0,2630133.0,2638495.0,2641427.0,39617.0,39654.0,39718.0,39784.0,39799.0,90.08999633789062,90.16000366210938,90.22000122070312,90.30000305175781,90.37000274658203,143.5,142.5,142.5,141.5,141.5
2021-04-01,4.1,3.945794305453229,46.3398704049969,129.2,33.9375,34.125,34.0625,34.0625,34.0625,2862387.0,2801453.0,2795604.0,2640843.0,2530229.0,39645.0,39709.0,39751.0,39801.0,39850.0,92.23999786376953,92.29000091552734,92.33999633789062,92.38999938964844,92.44000244140625,137.5,137.5,136.5,137.5,137.5
